Age,Height(cm),Weight(kg),Running Speed(km/h),Calories Burned,Running Time(min)
44,156,83,10.5,580.7,40
28,187,96,8.0,1569.2,120
54,179,73,10.5,1254.4,100
52,154,59,10.5,1187.5,111
57,160,87,10.5,1107.2,75
21,150,52,10.5,808.8,92
29,183,65,10.5,1204.3,109
39,150,83,8.0,1023.0,88
46,168,63,8.0,916.6,102
53,151,67,10.5,1141.2,99
41,170,55,10.5,577.3,62
43,169,55,8.0,635.3,86
30,172,68,13.5,1703.1,110
52,170,97,8.0,588.5,45
55,173,80,13.5,896.6,48
32,153,84,10.5,1425.9,101
38,161,68,10.5,1168.4,103
37,171,47,8.0,130.9,21
37,169,66,10.5,1159.1,97
24,167,97,13.5,465.3,21
32,150,46,13.5,660.2,61
47,179,68,8.0,203.6,22
58,182,88,13.5,1769.3,92
26,173,74,8.0,154.5,15
48,163,82,8.0,1036.1,91
50,185,46,13.5,177.6,17
25,154,65,13.5,964.9,67
33,160,77,13.5,1745.7,106
27,173,56,13.5,624.7,52
48,180,66,13.5,981.1,65
26,162,88,13.5,575.5,29
38,165,69,13.5,1826.7,114
33,173,93,10.5,1292.0,81
20,162,71,8.0,790.3,78
41,173,86,8.0,968.3,82
37,175,72,13.5,295.4,19
53,151,60,8.0,904.5,104
54,165,59,13.5,1369.0,103
17,187,91,10.5,387.1,24
41,150,95,8.0,294.1,22
52,160,88,8.0,312.2,26
33,184,99,10.5,1384.8,78
57,178,96,10.5,1271.8,73
40,186,47,10.5,658.7,81
18,166,81,8.0,1195.0,105
56,188,95,8.0,862.7,64
31,177,51,10.5,320.0,37
48,178,65,10.5,604.0,54
55,152,53,10.5,989.2,111
22,159,83,10.5,1350.0,92
17,163,62,10.5,1128.8,101
39,161,48,13.5,1190.2,109
55,179,69,10.5,1063.6,91
33,181,58,13.5,1179.9,90
50,181,94,8.0,1518.6,113
57,181,53,8.0,230.0,32
45,175,70,13.5,569.6,35
25,150,97,10.5,2095.0,120
29,151,46,8.0,90.9,15
22,166,64,10.5,567.2,52
22,179,72,10.5,696.0,55
36,188,91,13.5,1171.6,56
19,156,51,8.0,168.4,23
33,176,88,8.0,456.8,37
28,158,52,13.5,1063.5,92
17,171,91,10.5,385.6,25
33,183,79,10.5,1205.7,85
19,150,58,8.0,350.5,45
42,158,61,13.5,1427.3,102
31,169,80,13.5,697.0,40
52,168,94,10.5,694.2,44
48,185,84,10.5,688.0,48
48,189,48,13.5,634.1,60
20,153,46,8.0,749.0,116
34,158,50,10.5,701.6,83
35,171,98,13.5,437.0,19
59,167,86,13.5,1459.1,75
51,161,48,13.5,1046.7,97
56,188,98,8.0,700.3,52
30,158,73,10.5,540.1,42
49,155,62,10.5,413.3,40
30,168,70,10.5,963.8,75
50,156,88,8.0,1469.2,120
20,165,78,10.5,481.6,37
40,154,54,10.5,572.1,60
45,165,80,10.5,612.1,44
35,150,58,10.5,783.0,81
22,186,75,8.0,1146.4,106
49,188,92,13.5,925.3,47
56,168,59,13.5,1605.4,120
35,186,52,10.5,161.8,17
17,166,58,10.5,820.3,83
21,175,67,10.5,1109.4,97
43,171,84,8.0,618.2,56
32,157,65,10.5,827.0,76
22,182,60,8.0,570.4,72
56,151,89,10.5,1141.5,71
29,179,62,10.5,168.2,15
51,169,91,13.5,2428.9,116
35,167,97,10.5,1455.1,87
28,159,68,8.0,718.5,74
32,173,70,13.5,1312.4,83
59,153,69,8.0,683.1,73
26,186,89,13.5,1194.0,60
41,153,85,8.0,1349.7,120
36,162,73,13.5,823.5,48
47,174,59,8.0,949.8,115
20,162,89,8.0,1398.2,111
39,167,45,10.5,312.5,39
18,173,69,13.5,884.0,56
38,151,51,13.5,469.6,43
53,182,53,10.5,362.6,39
24,168,68,8.0,660.2,68
23,158,45,8.0,516.9,87
30,177,88,13.5,1677.0,81
19,184,52,8.0,207.0,29
32,188,68,13.5,269.6,18
35,159,55,13.5,645.5,52
34,150,95,8.0,460.3,34
32,170,61,8.0,311.4,37
24,158,52,8.0,372.2,51
49,164,79,10.5,1050.7,76
28,184,79,13.5,396.2,22
27,154,77,8.0,523.6,51
21,171,49,10.5,482.6,59
43,172,86,8.0,1272.6,111
28,156,83,13.5,858.9,47
33,172,85,10.5,304.7,21
22,174,72,13.5,589.9,36
49,176,51,8.0,133.5,19
21,155,53,8.0,202.8,29
44,183,52,8.0,240.1,35
30,158,56,10.5,968.1,103
21,182,78,10.5,416.9,31
49,155,77,10.5,896.7,70
57,186,92,10.5,1029.8,64
35,180,99,8.0,283.6,21
38,183,67,8.0,596.5,64
21,178,68,8.0,711.5,74
18,163,81,10.5,1340.7,97
46,185,79,10.5,280.4,21
55,185,88,8.0,642.8,54
20,164,84,8.0,651.4,59
49,157,66,10.5,811.1,73
29,175,71,13.5,1670.3,102
36,185,79,8.0,945.7,89
23,170,45,8.0,777.4,119
31,177,79,8.0,729.0,69
39,153,81,10.5,1137.6,78
30,165,91,8.0,1014.9,79
39,171,58,8.0,535.9,68
35,161,47,8.0,703.1,110
45,165,45,8.0,338.3,54
36,189,49,8.0,470.2,67
45,187,70,13.5,903.1,58
40,186,99,13.5,1639.9,77
34,178,58,8.0,126.8,16
26,167,83,8.0,1036.5,93
57,159,71,8.0,358.9,35
24,188,53,8.0,762.6,102
42,167,59,10.5,631.1,64
45,150,59,10.5,960.6,95
26,188,70,10.5,772.1,66
33,170,86,13.5,459.7,23
18,150,57,8.0,927.2,113
22,164,95,10.5,543.3,34
21,153,76,8.0,1013.7,97
44,169,83,8.0,383.3,32
57,159,93,13.5,1977.9,98
21,172,96,13.5,930.6,44
34,183,76,10.5,1538.7,118
42,182,48,10.5,632.4,79
36,183,74,13.5,603.4,38
57,188,81,13.5,1943.1,102
43,159,67,8.0,569.4,61
28,169,83,8.0,1092.2,97
23,150,89,10.5,1661.7,108
19,162,59,10.5,1096.9,104
26,150,87,13.5,2317.6,120
50,154,73,10.5,720.8,58
41,165,80,8.0,1232.6,116
51,164,57,13.5,564.1,43
32,177,76,8.0,926.2,91
18,180,51,13.5,900.5,82
40,172,95,13.5,657.8,31
26,166,66,8.0,966.8,111
54,183,72,10.5,250.5,19
38,162,46,10.5,864.2,106
42,163,86,10.5,1481.8,102
59,160,89,10.5,1431.2,95
55,177,97,8.0,864.8,64
43,181,50,13.5,1297.4,117
45,184,72,8.0,552.6,54
54,180,72,10.5,759.5,60
36,166,88,10.5,994.3,65
43,158,88,8.0,318.4,25
57,159,64,13.5,370.3,26
36,157,74,8.0,273.6,27
35,170,55,8.0,603.3,78
36,162,99,8.0,310.6,22
51,154,72,13.5,1296.0,79
18,155,69,8.0,223.9,23
46,179,83,8.0,1201.6,106
50,180,77,10.5,215.2,16
38,166,45,8.0,555.3,92
19,160,71,10.5,341.5,27
22,169,96,10.5,261.3,16
31,158,57,10.5,777.2,82
43,151,85,13.5,1795.9,90
26,186,47,10.5,500.1,62
25,150,83,8.0,979.7,88
49,153,50,8.0,114.9,17
48,185,52,10.5,733.5,82
22,174,71,10.5,247.9,20
57,152,53,8.0,708.6,101
52,158,81,10.5,257.3,19
18,171,77,13.5,288.4,17
45,172,95,10.5,390.9,24
20,161,86,13.5,1060.8,57
17,159,88,13.5,647.2,33
35,183,68,13.5,419.1,28
42,159,59,10.5,344.2,35
41,179,98,13.5,1305.3,57
26,171,76,13.5,745.9,42
31,155,76,10.5,452.0,35
38,151,68,13.5,739.2,50
37,179,85,10.5,567.9,38
38,151,96,8.0,914.8,68
52,181,93,13.5,1137.9,52
50,165,93,10.5,498.3,31
46,161,96,8.0,483.7,36
41,150,56,13.5,1268.4,97
44,157,83,13.5,1096.3,59
17,162,46,10.5,681.6,88
20,164,47,8.0,481.6,75
23,157,93,10.5,392.1,25
25,159,81,13.5,1300.8,75
52,154,93,13.5,1115.5,52
35,168,61,13.5,1069.3,80
17,187,93,13.5,934.5,47
26,160,46,8.0,376.2,57
52,169,46,8.0,284.7,45
25,169,72,10.5,601.3,49
58,170,98,10.5,853.9,51
48,167,67,10.5,696.7,61
48,159,81,13.5,2014.2,114
22,183,76,10.5,508.9,37
54,175,77,8.0,515.0,50
33,179,45,10.5,427.9,54
26,158,63,10.5,1235.4,117
43,180,46,8.0,691.5,104
51,153,97,8.0,1396.4,103
37,155,88,13.5,1956.8,95
41,163,70,8.0,277.9,29
44,153,76,8.0,552.8,51
31,175,50,10.5,163.1,18
20,188,76,8.0,386.2,36
45,166,99,13.5,2030.0,95
25,168,48,10.5,287.8,36
43,155,99,13.5,2046.0,95
42,178,55,8.0,673.2,92
35,160,61,13.5,1291.1,92
44,165,82,13.5,575.2,31
33,179,68,8.0,811.1,86
59,174,49,8.0,740.4,112
57,189,96,10.5,1686.9,104
58,160,78,10.5,1430.9,108
36,156,50,10.5,866.3,100
56,175,66,8.0,878.8,94
55,171,55,13.5,1303.7,108
39,174,92,13.5,1984.4,94
48,168,60,10.5,545.5,52
49,180,77,10.5,531.8,38
21,175,53,8.0,813.5,114
59,185,50,13.5,1265.0,113
50,172,60,10.5,201.5,20
56,162,73,8.0,814.4,82
27,174,47,10.5,790.1,96
19,151,64,8.0,181.2,20
49,151,80,13.5,698.3,40
27,165,63,8.0,974.0,115
32,158,70,10.5,1303.2,105
34,177,47,10.5,447.1,55
46,162,63,13.5,1259.3,89
26,184,64,13.5,774.0,52
34,162,76,10.5,1250.1,94
54,180,51,10.5,878.9,97
35,170,96,10.5,972.6,57
52,181,85,13.5,1320.3,67
29,183,77,10.5,396.2,29
19,157,84,13.5,1880.1,104
26,151,83,10.5,1000.7,70
54,187,62,8.0,1070.6,119
17,181,84,8.0,788.7,70
43,189,45,10.5,357.4,45
24,177,55,8.0,763.3,97
58,186,72,13.5,1160.2,71
33,150,69,8.0,612.5,65
25,159,94,8.0,473.4,38
22,153,67,13.5,1070.4,72
59,184,75,8.0,873.9,87
41,159,74,8.0,1081.6,101
55,160,86,10.5,276.7,18
44,163,79,13.5,437.2,24
49,187,51,13.5,877.9,77
53,161,60,10.5,877.9,87
25,166,70,10.5,1160.5,97
34,165,92,8.0,360.2,29
37,184,96,8.0,1485.4,112
18,151,93,8.0,1537.8,120
59,160,46,10.5,615.7,77
54,152,45,13.5,334.0,33
56,178,92,8.0,1027.7,77
52,167,56,10.5,672.2,70
59,169,49,13.5,390.3,35
53,163,81,10.5,662.7,48
31,183,76,8.0,324.8,31
44,180,99,10.5,537.8,32
34,189,53,10.5,886.3,95
50,167,85,10.5,1162.0,80
38,179,79,10.5,857.0,65
27,174,63,13.5,1155.1,79
29,168,92,8.0,698.5,57
20,157,60,13.5,945.9,71
38,177,47,10.5,196.9,24
23,157,64,10.5,567.3,51
59,180,68,8.0,596.4,62
40,152,98,8.0,1136.1,83
20,152,77,13.5,1187.9,70
44,171,68,13.5,1315.3,90
31,166,96,8.0,681.8,50
17,185,55,13.5,548.7,45
19,166,93,10.5,1166.7,69
30,163,52,10.5,468.2,52
54,158,80,8.0,983.8,87
17,179,82,13.5,2003.1,104
54,170,84,10.5,432.7,29
54,161,64,8.0,263.3,30
37,186,79,13.5,1628.4,91
45,181,92,10.5,1665.5,103
21,160,69,13.5,1690.9,108
26,169,79,13.5,1148.9,67
44,184,69,13.5,1108.3,70
37,160,73,8.0,204.5,21
23,157,62,10.5,733.0,71
19,153,90,8.0,869.8,69
36,176,62,10.5,688.7,66
35,189,46,10.5,148.8,18
51,187,98,8.0,801.0,57
20,179,79,8.0,616.4,54
21,176,60,10.5,1238.0,116
17,170,85,10.5,653.3,44
20,169,80,10.5,331.0,24
28,153,77,13.5,1869.4,108
43,160,48,10.5,952.4,117
58,162,77,8.0,220.3,21
39,158,58,8.0,409.9,50
41,153,65,8.0,428.1,49
37,161,92,10.5,1603.5,102
40,158,64,10.5,608.4,53
41,162,52,13.5,566.2,50
48,175,51,13.5,380.2,34
48,187,47,8.0,389.8,63
21,162,61,13.5,1543.0,110
52,188,77,13.5,1279.6,73
58,177,92,8.0,1518.0,117
58,168,56,10.5,599.8,63
55,173,95,13.5,2264.7,104
32,168,66,10.5,466.5,40
49,162,99,8.0,675.6,50
37,162,66,8.0,517.2,57
25,177,90,13.5,2303.8,113
22,151,74,8.0,583.1,57
51,159,82,8.0,1300.0,113
55,171,82,8.0,988.3,90
38,162,89,13.5,945.0,47
57,158,95,13.5,2424.6,114
21,182,98,13.5,2020.7,92
58,163,52,8.0,796.0,111
39,169,71,10.5,761.0,59
33,164,71,8.0,597.9,59
28,181,78,13.5,1813.3,102
39,182,65,10.5,337.0,29
32,166,74,10.5,1347.0,109
19,173,77,13.5,550.2,31
46,179,72,10.5,327.1,26
38,162,91,10.5,562.9,36
25,165,77,13.5,617.9,37
45,151,49,10.5,853.9,104
53,166,92,10.5,1413.8,92
39,181,63,13.5,356.1,26
29,157,48,10.5,656.4,82
48,152,79,10.5,919.5,65
39,161,93,10.5,428.4,27
33,169,61,10.5,748.0,71
56,165,88,13.5,1410.3,69
37,163,72,8.0,919.3,96
18,165,74,8.0,444.4,42
53,182,73,10.5,1502.6,116
22,179,90,13.5,2371.7,119
34,161,97,13.5,1217.5,58
46,164,50,10.5,277.0,33
38,167,79,8.0,644.9,60
49,177,85,10.5,1663.4,116
46,172,81,13.5,302.6,17
33,163,68,13.5,1417.8,97
59,179,73,8.0,346.6,34
48,182,93,13.5,787.1,39
58,164,90,13.5,1848.5,89
30,156,97,13.5,1484.7,70
26,164,75,8.0,1015.0,95
52,187,79,13.5,1291.8,75
50,160,77,10.5,950.4,69
25,178,96,8.0,639.9,49
58,180,65,10.5,1055.2,92
44,174,76,10.5,926.1,73
27,173,67,8.0,491.0,53
30,168,77,10.5,923.1,71
55,151,47,8.0,629.8,97
35,171,62,10.5,847.3,81
31,169,69,8.0,455.3,48
44,182,86,13.5,1022.8,55
40,157,75,13.5,590.5,36
24,174,98,10.5,2008.3,116
59,158,47,13.5,454.2,41
25,183,84,8.0,404.6,35
49,172,90,10.5,882.5,55
49,154,68,13.5,691.2,45
35,174,94,13.5,867.0,41
19,157,76,10.5,648.8,51
26,165,91,13.5,1579.7,80
56,164,66,13.5,1048.5,68
58,150,67,10.5,267.3,23
17,171,46,13.5,1015.4,97
45,152,71,13.5,897.1,56
50,187,86,13.5,955.8,50
29,163,46,13.5,245.6,24
17,185,70,10.5,899.2,73
50,167,61,8.0,439.3,54
45,167,84,8.0,781.3,68
29,152,77,13.5,913.4,53
45,159,53,13.5,262.6,21
55,188,87,8.0,213.4,18
40,150,98,13.5,648.7,29
42,176,92,8.0,1103.9,90
33,176,83,10.5,861.4,62
23,160,73,10.5,265.0,20
29,154,86,10.5,1339.6,87
21,156,99,10.5,833.4,49
42,168,70,10.5,1054.0,86
19,178,79,10.5,1132.3,85
23,164,94,8.0,1088.4,82
55,184,69,13.5,1069.8,72
17,186,68,8.0,878.0,91
33,161,57,10.5,330.7,33
59,179,51,13.5,852.8,76
41,169,80,13.5,1585.5,85
19,186,89,10.5,392.0,24
31,152,64,10.5,426.1,39
45,158,45,10.5,470.7,58
59,188,52,10.5,1054.0,113
48,175,90,10.5,1162.0,72
42,151,60,10.5,428.2,39
32,172,58,13.5,1394.5,107
41,172,56,10.5,897.4,90
44,170,95,10.5,926.8,54
25,165,67,13.5,1354.0,90
17,158,59,8.0,684.3,84
45,162,72,10.5,296.9,24
38,177,78,13.5,1443.4,80
32,176,46,13.5,411.2,39
57,166,76,8.0,889.3,85
57,187,67,10.5,1372.4,118
23,185,66,10.5,1116.7,101
30,150,95,10.5,395.1,25
45,167,69,13.5,778.5,50
35,158,66,10.5,721.6,63
35,162,66,10.5,737.3,62
18,189,93,10.5,1650.8,101
57,164,96,10.5,368.2,21
31,153,86,8.0,1211.2,105
19,182,50,8.0,660.3,91
27,173,59,8.0,519.8,65
46,185,98,10.5,539.2,31
56,159,87,10.5,700.5,46
34,185,81,13.5,718.8,40
18,169,77,13.5,601.2,36
48,160,52,13.5,304.4,27
24,161,97,10.5,450.7,26
38,167,88,8.0,1022.1,85
22,179,88,8.0,191.0,15
28,186,49,8.0,313.0,47
56,169,83,10.5,426.4,28
52,174,48,8.0,502.7,78
31,161,50,13.5,615.8,57
44,170,89,13.5,1414.8,72
34,174,76,8.0,600.5,55
18,160,96,13.5,2056.5,95
29,158,74,8.0,808.8,82
31,174,91,8.0,647.3,53
36,184,79,13.5,261.6,15
45,181,99,13.5,1236.2,55
58,163,84,13.5,1096.4,59
45,150,96,13.5,2257.6,102
19,166,60,8.0,940.4,112
35,174,57,13.5,1490.1,112
19,157,94,13.5,2157.5,102
30,154,86,10.5,1376.0,93
56,154,74,13.5,1660.2,95
20,184,63,13.5,377.2,27
27,168,61,8.0,712.1,85
47,172,63,8.0,206.6,23
59,158,72,10.5,930.3,77
48,179,99,13.5,2488.5,113
43,165,70,13.5,558.6,37
46,182,81,13.5,1194.6,68
59,151,70,13.5,913.2,61
18,163,97,13.5,1100.0,53
25,150,67,13.5,1504.3,101
44,175,53,10.5,382.5,40
47,174,56,13.5,190.6,15
50,165,97,13.5,619.3,28
31,164,45,13.5,1115.9,110
41,175,45,10.5,715.2,88
52,165,91,13.5,1679.1,79
24,163,78,10.5,1172.6,83
25,178,76,8.0,878.2,81
53,173,98,13.5,1345.1,63
55,164,92,10.5,1040.1,64
48,168,69,8.0,692.9,72
33,157,84,10.5,987.7,67
51,183,89,10.5,1632.2,105
53,151,97,8.0,913.6,71
35,176,45,13.5,972.2,100
45,159,60,13.5,449.4,32
23,184,83,10.5,441.4,30
44,172,49,8.0,105.9,16
25,157,66,13.5,392.1,27
44,177,73,10.5,762.0,59
22,172,99,8.0,1275.3,94
45,153,47,10.5,703.2,86
33,163,56,8.0,422.2,57
32,178,70,13.5,1305.6,86
39,150,60,13.5,908.2,68
47,153,95,10.5,1492.2,88
19,181,81,13.5,1931.5,111
37,182,66,13.5,657.2,45
42,175,73,8.0,926.6,90
52,166,58,13.5,308.9,23
58,188,72,8.0,1109.9,115
53,172,49,8.0,603.4,87
38,181,91,10.5,1032.3,62
58,164,93,8.0,428.4,32
28,162,74,13.5,1850.2,108
58,151,90,8.0,1398.6,110
29,168,96,8.0,1525.5,118
27,173,49,10.5,877.7,101
32,173,56,13.5,319.5,25
24,160,60,13.5,1016.4,76
56,171,70,13.5,1542.4,98
56,164,70,8.0,325.8,33
18,159,92,13.5,2466.5,114
46,176,65,13.5,1489.9,104
46,158,83,8.0,984.8,88
28,177,80,10.5,537.4,38
26,150,77,10.5,350.4,27
27,166,74,8.0,619.3,60
31,180,81,10.5,910.7,67
32,159,67,10.5,1312.0,112
33,186,54,10.5,411.2,43
42,178,98,13.5,1055.1,50
18,167,49,10.5,707.5,85
28,187,80,13.5,1912.0,108
42,188,78,10.5,417.6,31
39,155,96,13.5,1362.8,62
34,189,75,8.0,946.9,91
48,161,54,8.0,280.5,38
54,163,63,10.5,746.0,68
19,159,76,13.5,1773.1,109
54,169,45,8.0,671.3,105
19,164,49,8.0,640.3,99
46,180,89,8.0,190.8,15
17,156,48,8.0,620.1,93
46,159,60,10.5,852.9,81
48,159,68,13.5,312.3,20
44,188,60,8.0,791.1,92
37,177,99,10.5,1248.3,69
29,179,46,8.0,332.3,52
43,186,93,8.0,583.5,47
52,152,72,8.0,1199.1,116
23,164,76,8.0,220.7,22
38,170,71,10.5,1331.9,104
26,186,64,13.5,1363.4,93
55,161,68,10.5,1139.1,92
31,153,56,10.5,346.4,34
31,158,94,10.5,1084.3,69
20,188,79,8.0,685.0,62
48,177,77,13.5,1617.5,97
39,172,77,8.0,714.2,70
22,189,95,10.5,1835.8,111
40,171,87,8.0,1316.8,114
36,173,81,13.5,1901.3,102
53,175,56,13.5,316.6,24
36,179,47,8.0,432.1,66
28,182,45,10.5,490.7,64
49,165,77,8.0,528.8,48
44,171,84,10.5,761.0,50
24,167,54,13.5,932.5,75
17,156,87,8.0,1387.8,114
53,175,88,13.5,615.8,30
38,157,73,10.5,1148.1,93
22,155,57,10.5,333.0,32
37,179,56,8.0,687.9,85
48,188,75,8.0,656.4,61
51,172,90,8.0,1214.0,100
31,181,46,13.5,493.2,46
21,171,95,10.5,947.4,57
22,158,94,10.5,1610.8,97
41,180,79,13.5,992.5,54
56,156,67,8.0,697.8,79
45,158,61,8.0,407.8,49
23,162,70,13.5,1348.5,83
56,152,52,10.5,600.7,64
29,184,73,10.5,343.7,26
54,182,70,10.5,1066.0,90
34,170,54,10.5,954.8,99
18,180,70,13.5,1093.9,72
24,183,78,10.5,1361.8,97
27,181,95,13.5,1603.9,77
49,184,85,8.0,1047.3,87
54,164,51,13.5,719.7,63
43,181,48,10.5,440.4,50
36,155,97,8.0,1623.1,120
28,170,94,13.5,1457.3,68
59,182,89,13.5,1205.4,61
47,181,55,13.5,582.6,46
43,168,73,8.0,1140.5,113
48,182,80,13.5,1867.4,109
26,177,69,10.5,817.8,67
19,180,65,8.0,427.3,46
43,170,80,8.0,818.9,76
51,183,54,13.5,602.4,51
47,164,81,10.5,1576.2,110
31,163,53,8.0,870.0,115
32,168,68,13.5,1745.3,117
29,164,79,10.5,750.0,52
51,155,93,13.5,960.0,44
27,158,79,13.5,1241.5,72
37,186,92,8.0,571.6,46
27,169,80,8.0,903.1,80
46,183,62,13.5,947.7,65
51,187,93,8.0,328.4,25
38,175,83,8.0,833.5,73
54,167,76,10.5,437.2,34
47,177,68,10.5,604.5,51
30,158,67,13.5,1325.5,87
40,181,76,13.5,1950.1,116
48,155,81,13.5,1149.4,63
52,163,56,13.5,400.4,33
48,177,93,10.5,1117.6,69
31,173,99,8.0,709.3,54
59,162,57,10.5,200.0,21
51,161,67,13.5,296.7,19
19,168,69,13.5,843.8,56
32,170,79,10.5,1420.7,102
21,176,85,10.5,889.9,62
37,168,74,13.5,1934.3,119
26,173,61,8.0,174.7,21
35,175,93,13.5,504.5,25
41,177,64,10.5,930.2,87
20,167,92,13.5,1353.3,63
45,185,69,13.5,649.8,44
35,178,66,8.0,480.1,55
59,166,57,13.5,224.7,17
18,153,63,13.5,1386.6,100
26,178,93,13.5,1155.1,54
59,153,80,10.5,877.8,65
41,159,56,10.5,935.2,98
36,174,85,8.0,544.8,46
35,180,63,13.5,921.8,62
39,152,56,10.5,797.5,85
40,151,53,8.0,617.0,85
27,174,51,13.5,372.3,34
50,155,72,8.0,995.0,103
44,175,58,8.0,409.2,49
21,157,75,8.0,378.3,38
21,184,96,8.0,742.7,54
37,176,63,8.0,767.5,91
28,174,91,8.0,860.9,66
20,167,60,8.0,441.6,53
58,150,97,13.5,1857.3,82
36,188,49,13.5,798.1,75
54,152,79,8.0,1009.3,90
41,153,56,13.5,1218.6,95
30,186,69,8.0,757.3,79
27,164,96,13.5,1692.6,76
48,157,65,10.5,1096.6,95
27,187,80,8.0,183.7,16
34,168,97,10.5,335.5,20
43,175,67,8.0,832.3,89
34,188,60,8.0,490.6,57
39,159,83,10.5,1354.6,96
27,187,89,10.5,839.9,54
37,163,97,10.5,1829.0,103
21,168,86,8.0,628.9,53
39,179,83,10.5,595.0,42
57,154,58,10.5,939.9,94
41,180,75,13.5,1349.4,77
57,156,49,13.5,899.1,78
26,168,79,10.5,375.6,26
38,180,67,10.5,657.7,55
35,188,73,10.5,549.9,43
17,173,87,10.5,545.5,37
23,183,55,13.5,1179.0,99
20,172,62,8.0,770.7,94
17,189,91,10.5,985.2,65
31,155,56,10.5,1210.3,119
56,187,53,13.5,725.3,59
28,185,54,10.5,989.5,104
38,176,88,10.5,1859.3,115
38,160,61,13.5,516.5,36
33,154,82,10.5,349.7,24
45,166,51,10.5,186.8,21
30,156,90,13.5,1700.5,87
36,176,57,8.0,813.4,103
49,164,84,10.5,411.7,29
59,162,86,10.5,1355.6,91
31,160,53,8.0,918.7,120
28,175,94,13.5,1248.9,60
56,171,71,8.0,986.0,104
36,177,46,10.5,803.5,99
46,173,49,8.0,691.6,101
54,178,73,13.5,1194.2,75
19,158,81,10.5,1457.0,106
44,153,82,13.5,1451.5,75
42,167,63,13.5,897.7,65
46,165,52,8.0,386.7,52
29,182,92,8.0,329.9,26
29,178,89,13.5,2029.3,102
18,188,45,13.5,902.5,91
53,159,66,10.5,1400.2,118
54,158,96,13.5,1793.8,80
18,180,61,13.5,911.0,68
52,177,51,8.0,358.8,53
42,152,69,13.5,1346.5,90
27,163,89,13.5,1092.4,53
24,174,48,8.0,607.0,92
56,164,80,10.5,593.3,44
59,151,50,8.0,809.9,119
38,173,75,8.0,644.2,62
36,163,63,13.5,1423.4,97
24,156,88,13.5,903.6,45
45,185,98,10.5,647.2,39
56,173,83,13.5,1479.1,82
42,176,71,10.5,800.5,65
46,186,54,10.5,244.3,27
33,187,70,10.5,1432.2,114
36,179,63,10.5,840.6,77
32,176,83,13.5,1029.4,56
59,188,47,8.0,442.5,68
23,164,89,8.0,1445.4,115
32,175,57,13.5,1046.0,81
43,150,94,13.5,2048.2,94
39,153,72,10.5,1327.4,104
40,178,64,13.5,1748.1,118
25,150,72,8.0,710.9,70
51,171,52,13.5,1326.9,117
36,160,85,13.5,602.9,33
53,159,83,10.5,906.7,60
58,166,45,10.5,238.6,29
33,185,47,10.5,386.9,46
47,175,57,10.5,642.5,63
24,170,72,8.0,340.6,35
31,162,93,13.5,1660.1,79
47,158,69,13.5,1368.3,84
46,160,77,10.5,572.2,41
36,160,82,8.0,411.5,37
55,155,97,8.0,802.2,61
28,150,50,13.5,1224.2,109
33,155,88,10.5,396.6,26
58,162,89,13.5,1956.9,99
46,171,76,13.5,1385.4,80
45,180,89,8.0,222.5,19
35,171,91,8.0,297.2,23
27,186,65,13.5,509.2,34
50,176,60,10.5,1041.3,96
23,163,98,10.5,1365.6,77
50,154,65,13.5,1472.2,100
36,185,55,13.5,1094.1,86
54,181,81,10.5,1586.4,112
40,183,80,10.5,1273.0,87
26,156,79,10.5,1138.8,85
48,159,63,13.5,649.6,44
31,166,64,8.0,829.4,96
53,179,62,10.5,1094.0,105
36,170,91,10.5,474.8,30
19,162,85,10.5,1489.5,99
53,150,93,13.5,386.9,19
56,150,58,8.0,346.9,43
24,182,59,8.0,513.2,61
56,187,75,10.5,1472.7,115
39,174,45,13.5,367.4,36
56,175,97,8.0,1214.7,92
27,162,98,13.5,1570.2,71
24,177,98,8.0,1336.9,97
45,182,47,10.5,397.0,49
46,186,60,13.5,1445.1,102
26,179,67,10.5,1416.0,120
55,157,55,8.0,581.3,74
44,150,56,8.0,665.4,84
52,161,54,10.5,724.0,74
29,154,76,8.0,732.3,72
48,173,60,10.5,173.5,17
52,155,52,10.5,436.3,48
53,174,82,10.5,876.5,59
42,150,56,8.0,480.8,64
38,174,68,13.5,256.3,16
20,150,72,10.5,351.8,29
47,181,97,13.5,1076.9,51
34,152,52,8.0,201.7,29
54,168,72,8.0,743.4,74
40,178,80,13.5,2062.7,110
39,151,70,10.5,1183.1,99
38,158,52,8.0,564.1,78
18,166,94,10.5,1512.1,95
47,185,72,10.5,1429.7,112
27,166,72,13.5,1714.9,110
44,161,81,8.0,738.9,66
48,169,85,13.5,718.6,37
21,152,80,8.0,1260.4,113
54,153,71,13.5,785.4,51
26,166,98,8.0,720.4,55
56,186,61,8.0,987.0,115
40,164,53,8.0,536.6,71
51,182,77,10.5,1556.8,111
39,165,97,10.5,682.8,39
33,160,64,13.5,769.2,51
17,169,57,13.5,686.2,54
47,187,72,8.0,969.4,99
47,173,92,8.0,727.6,60
58,165,73,10.5,940.6,74
58,179,57,10.5,1174.6,116
50,183,90,10.5,1917.1,118
25,150,79,13.5,1944.5,112
38,173,50,10.5,289.1,33
29,173,62,13.5,1488.5,105
41,158,95,10.5,384.3,23
34,171,49,10.5,695.6,83
28,161,91,8.0,246.3,19
56,166,69,13.5,1546.8,103
33,174,46,10.5,335.0,40
31,177,54,8.0,257.7,33
58,164,74,13.5,722.8,44
31,179,94,13.5,2381.2,114
31,176,89,10.5,989.1,62
55,171,49,13.5,329.3,30
29,159,99,8.0,1109.2,85
33,180,77,8.0,355.2,32
48,176,98,13.5,1532.8,70
25,161,45,8.0,211.4,35
56,180,62,13.5,631.2,45
36,181,76,8.0,153.3,15
42,181,91,13.5,337.8,17
43,184,93,13.5,2291.3,109
37,170,55,13.5,477.4,39
34,159,65,8.0,199.3,22
29,165,70,13.5,1306.1,79
32,156,69,13.5,1222.3,76
25,153,66,10.5,230.6,21
28,176,71,10.5,249.2,21
54,174,93,13.5,465.4,22
35,180,57,10.5,333.3,33
23,160,77,13.5,557.4,31
51,169,78,10.5,345.7,25
34,185,85,8.0,1361.1,119
32,166,79,8.0,686.3,63
55,160,45,13.5,260.9,25
20,179,65,13.5,1768.2,116
41,184,92,8.0,681.6,55
48,187,99,8.0,1044.9,76
56,171,50,10.5,557.8,66
29,176,72,13.5,1295.6,80
33,186,61,8.0,663.6,82
53,184,49,8.0,750.2,106
22,153,75,13.5,1899.0,111
35,165,49,10.5,790.2,89
29,165,82,10.5,1220.3,81
42,170,47,10.5,430.1,54
30,175,97,10.5,328.8,19
47,185,67,8.0,953.1,99
20,168,81,13.5,661.1,36
55,166,97,13.5,1128.6,51
24,175,81,8.0,277.5,25
41,171,54,8.0,440.8,58
29,177,54,8.0,739.2,100
48,150,63,13.5,1682.9,119
54,185,61,13.5,883.1,67
54,186,65,13.5,1265.4,91
44,151,58,10.5,727.4,75
46,166,53,8.0,575.6,81
19,189,90,8.0,334.7,27
44,187,45,8.0,628.2,106
19,170,95,13.5,516.0,25
50,158,89,8.0,316.5,25
32,162,57,8.0,801.1,99
38,160,48,10.5,855.7,99
48,165,45,13.5,221.6,21
54,165,93,8.0,383.6,31
24,151,84,13.5,1132.3,62
24,157,76,13.5,470.8,28
22,162,78,13.5,1407.5,77
30,166,72,10.5,1009.9,78
48,188,75,13.5,1840.2,111
51,173,52,13.5,998.4,89
26,152,83,13.5,1719.2,91
19,179,70,8.0,746.4,79
28,162,78,10.5,657.2,48
47,168,98,8.0,325.6,23
45,156,98,10.5,1572.0,91
21,158,47,10.5,437.3,51
41,168,94,13.5,920.6,44
57,189,56,13.5,702.2,55
47,171,45,8.0,381.7,59
37,167,98,10.5,1989.6,115
36,172,88,13.5,1221.7,61
55,151,49,13.5,236.5,21
38,160,74,13.5,484.0,28
20,180,74,13.5,989.8,62
29,182,61,8.0,166.0,20
58,163,92,8.0,604.6,48
36,165,91,13.5,2003.5,94
29,160,67,13.5,1812.7,115
33,182,59,13.5,1455.9,114
52,156,81,13.5,1051.8,60
49,180,65,13.5,1114.1,73
17,163,58,10.5,835.2,84
31,177,46,10.5,172.5,22
29,165,55,10.5,348.8,38
33,168,95,10.5,1316.4,81
40,166,83,13.5,342.7,18
24,175,82,10.5,1566.8,110
43,155,78,10.5,205.1,15
39,158,82,8.0,567.2,48
24,166,94,10.5,363.8,23
24,180,78,10.5,1006.0,77
42,161,62,13.5,1299.7,90
29,172,74,10.5,319.3,24
55,154,59,10.5,241.9,24
53,185,71,13.5,1004.4,64
44,185,95,10.5,946.0,58
41,152,78,13.5,1104.2,62
32,173,96,10.5,1622.3,101
18,166,82,8.0,226.6,20
34,188,77,8.0,1046.7,102
33,175,68,10.5,466.7,38
46,153,59,8.0,798.4,99
55,161,74,13.5,2003.5,120
29,150,99,10.5,1799.5,109
48,170,86,13.5,1331.7,72
45,168,95,8.0,1591.2,119
46,170,61,13.5,1099.1,78
34,167,49,8.0,747.4,108
29,152,73,8.0,723.6,70
59,181,48,8.0,714.3,112
37,159,54,13.5,1189.0,96
46,189,61,8.0,212.4,26
37,164,54,10.5,444.4,49
33,154,61,8.0,735.7,85
56,153,64,10.5,1384.7,119
35,177,68,10.5,1434.6,118
31,153,49,10.5,910.2,103
25,164,78,10.5,286.4,20
26,166,50,13.5,856.3,79
47,152,97,10.5,1669.9,94
39,159,46,8.0,475.7,74
46,172,57,10.5,843.6,82
49,167,87,8.0,525.3,43
25,150,87,13.5,1025.0,52
17,184,92,10.5,1741.3,106
51,180,55,8.0,269.0,36
27,150,95,13.5,490.2,22
50,152,91,13.5,1515.9,77
32,152,67,8.0,1001.0,110
25,186,99,10.5,1832.9,111
48,168,60,13.5,356.2,27
31,178,75,8.0,413.4,41
28,174,55,10.5,294.1,32
49,182,98,13.5,705.0,32
30,185,60,8.0,752.9,91
24,178,52,13.5,1120.6,100
24,175,48,13.5,801.3,76
43,153,84,8.0,340.1,28
28,163,48,13.5,259.5,25
17,176,69,8.0,1095.0,117
59,182,47,10.5,784.3,100
56,171,76,8.0,1156.4,114
58,152,47,10.5,260.1,31
27,172,71,13.5,1024.5,65
55,170,73,8.0,1105.5,110
59,172,76,8.0,284.3,28
47,153,94,8.0,1588.8,120
33,170,95,8.0,956.5,71
49,186,63,10.5,1142.1,107
48,180,65,10.5,217.1,20
45,170,49,13.5,750.0,71
37,175,62,13.5,255.0,18
37,184,72,13.5,390.2,25
56,187,86,13.5,2281.9,118
39,173,66,8.0,775.5,88
22,160,65,10.5,1166.0,106
38,178,50,10.5,207.9,25
54,152,45,10.5,873.9,113
53,150,49,10.5,764.8,93
24,168,85,13.5,416.3,22
57,171,56,8.0,766.6,98
51,163,70,10.5,882.4,73
27,163,90,8.0,444.7,35
40,165,78,8.0,873.0,79
37,182,93,8.0,1403.6,107
18,162,58,8.0,318.2,38
56,187,70,10.5,524.8,44
35,161,89,10.5,1780.8,118
55,187,71,10.5,1419.4,113
44,188,53,13.5,1336.2,111
33,182,70,10.5,1201.7,98
22,182,91,13.5,1381.7,71
35,178,66,13.5,1403.6,94
54,154,91,13.5,1858.4,87
44,155,74,10.5,1388.2,109
18,180,87,10.5,494.0,31
54,165,92,10.5,1158.5,73
53,180,61,13.5,595.4,45
20,174,70,13.5,1216.0,78
38,182,80,8.0,685.8,62
42,162,45,13.5,379.5,37
59,159,52,13.5,983.3,84
52,173,93,10.5,718.7,44
29,159,79,8.0,718.2,69
48,180,96,8.0,272.0,21
33,162,59,8.0,944.8,118
57,152,91,10.5,2004.1,120
52,183,66,8.0,796.0,89
35,177,58,8.0,934.3,112
51,168,70,10.5,312.3,26
56,172,72,8.0,707.3,74
44,181,67,13.5,969.8,66
17,162,58,13.5,522.9,41
58,182,68,13.5,416.8,26
34,183,46,13.5,284.3,27
56,182,89,13.5,1796.5,86
49,154,70,13.5,1530.1,94
28,152,58,13.5,999.6,76
24,156,95,13.5,935.2,43
40,173,51,13.5,569.3,49
32,171,47,10.5,618.8,74
20,172,91,10.5,668.7,43
54,179,67,13.5,672.1,45
43,167,90,10.5,1446.5,91
25,181,87,10.5,1306.7,90
32,156,91,13.5,1533.0,75
28,182,89,13.5,331.9,16
47,154,62,10.5,509.6,47
40,177,82,13.5,1595.0,86
30,157,79,13.5,1310.6,76
41,164,95,13.5,2618.5,119
50,153,59,13.5,955.4,73
19,183,69,10.5,681.8,54
40,154,99,8.0,905.4,63
58,182,81,10.5,1757.0,119
25,154,72,8.0,439.1,46
42,187,54,8.0,382.0,52
36,183,83,8.0,1271.2,106
56,175,61,10.5,1023.0,93
26,150,83,10.5,1527.3,101
35,153,66,10.5,1186.6,102
19,188,70,10.5,330.1,27
40,175,88,10.5,1464.6,99
21,182,69,8.0,671.1,68
19,182,61,10.5,984.3,90
43,157,57,8.0,203.5,27
32,169,64,10.5,576.4,53
31,165,69,10.5,449.3,37
51,170,48,13.5,1165.9,106
28,175,54,8.0,201.6,28
57,172,47,10.5,248.5,31
42,167,85,10.5,547.9,38
50,180,89,10.5,1090.0,72
39,161,62,13.5,1119.3,77
47,150,91,8.0,617.3,48
36,158,80,10.5,931.6,65
28,152,91,10.5,1639.3,100
39,175,66,10.5,273.2,24
20,158,78,13.5,1549.6,86
39,165,91,10.5,584.0,35
17,173,52,8.0,374.1,51
41,163,84,8.0,242.0,21
18,152,93,8.0,1366.9,104
46,183,88,8.0,341.9,27
19,182,63,10.5,997.9,94
37,173,86,13.5,831.4,44
41,158,85,13.5,896.7,45
36,162,81,13.5,361.7,19
38,151,50,10.5,401.9,46
37,156,96,13.5,639.9,30
49,170,70,8.0,824.2,87
54,168,78,10.5,491.3,36
31,174,89,13.5,1629.8,78
31,171,50,8.0,387.1,58
41,160,81,8.0,600.2,54
37,182,77,10.5,715.5,51
40,181,97,10.5,1538.1,92
21,170,66,13.5,457.4,30
22,188,65,13.5,824.4,57
59,169,50,13.5,1136.1,98
39,157,50,10.5,706.2,77
20,186,99,13.5,638.7,29
43,158,92,13.5,1242.0,58
34,174,48,8.0,724.3,104
37,174,74,8.0,246.8,23
44,182,55,8.0,597.1,79
51,151,74,13.5,1878.8,113
38,168,75,10.5,746.3,58
56,169,68,8.0,313.9,34
39,178,99,10.5,1454.2,84
19,155,53,13.5,1388.1,120
56,166,99,13.5,2001.6,88
26,174,47,8.0,306.7,47
41,187,95,10.5,1625.0,94
24,153,75,8.0,1219.5,114
27,179,84,13.5,371.3,20
21,169,81,10.5,1375.8,97
53,152,80,8.0,510.5,45
54,172,68,13.5,1186.4,80
45,167,75,8.0,316.4,32
21,175,50,10.5,1087.0,120
25,185,46,10.5,325.8,42
18,157,64,10.5,954.2,82
17,166,72,10.5,1036.6,79
56,180,55,10.5,1150.5,120
46,186,48,8.0,643.3,94
27,182,59,8.0,475.0,59
44,176,50,8.0,515.8,72
28,153,98,8.0,853.8,61
55,171,93,13.5,1603.4,80
42,175,74,13.5,1108.0,66
29,181,82,8.0,575.1,50
24,173,95,13.5,304.6,15
44,184,46,13.5,574.9,53
46,186,59,10.5,1033.1,101
25,181,55,8.0,792.6,104
55,156,52,13.5,1009.5,89
47,182,70,13.5,1911.0,120
37,180,95,8.0,203.2,15
50,161,89,10.5,1398.1,89
47,160,88,8.0,1277.4,102
41,173,49,10.5,772.0,88
28,157,50,13.5,306.7,28
17,181,70,10.5,1119.8,92
38,187,98,10.5,1406.5,85
56,171,48,8.0,234.4,37
53,183,63,13.5,772.7,57
17,168,64,8.0,332.8,36
17,169,77,8.0,826.4,74
58,163,64,13.5,1575.1,114
58,182,93,8.0,518.8,41
37,159,56,8.0,521.4,70
31,165,91,10.5,263.3,16
33,153,45,8.0,329.8,53
38,176,70,13.5,1036.2,65
54,177,58,8.0,265.8,33
51,165,82,10.5,1113.5,76
32,182,81,8.0,935.2,85
24,168,55,8.0,659.9,90
33,170,80,8.0,853.2,81
33,171,57,10.5,763.9,77
42,158,87,13.5,387.1,19
29,158,47,13.5,891.7,86
33,158,77,10.5,1202.0,92
54,176,50,10.5,684.2,75
33,166,94,8.0,1423.9,114
30,157,54,13.5,986.5,85
22,165,49,10.5,186.9,21
51,167,67,13.5,984.2,64
30,182,54,8.0,444.7,60
24,150,88,10.5,1736.7,110
31,161,46,13.5,911.6,86
43,155,57,13.5,1101.2,90
29,154,84,8.0,1040.6,88
47,165,46,10.5,228.6,28
51,167,64,13.5,1310.9,87
22,167,45,8.0,755.8,116
21,150,81,13.5,1944.2,108
38,168,53,8.0,614.0,83
39,157,61,13.5,1045.4,79
41,152,53,13.5,901.2,79
50,174,55,8.0,536.6,71
42,154,59,10.5,799.6,76
21,189,68,8.0,322.0,34
42,168,82,10.5,1268.2,89
36,167,99,13.5,919.3,40
22,180,79,13.5,1061.3,58
22,182,74,8.0,848.4,81
34,167,75,8.0,834.6,84
20,188,93,10.5,1273.6,76
33,165,49,10.5,527.1,59
30,165,88,10.5,368.0,25
30,187,94,8.0,1107.3,86
29,156,58,13.5,1464.5,107
23,163,97,8.0,1192.5,88
31,174,55,13.5,594.8,48
35,181,53,8.0,723.7,102
59,187,78,8.0,651.6,60
51,171,56,10.5,925.3,95
33,165,79,13.5,787.2,46
51,178,79,8.0,969.2,89
35,165,45,8.0,673.8,112
36,161,84,13.5,1972.3,102
52,166,66,8.0,181.7,19
51,186,73,13.5,1260.9,77
48,176,52,10.5,396.5,43
56,174,55,10.5,592.6,62
40,162,85,13.5,2064.6,112
33,157,81,10.5,445.3,30
23,154,58,13.5,490.1,39
59,161,74,8.0,1131.5,115
17,152,79,8.0,936.0,86
51,184,65,13.5,638.9,43
48,182,81,8.0,728.8,66
52,171,49,10.5,498.7,60
29,158,63,8.0,350.7,39
22,167,58,8.0,949.6,120
30,178,70,13.5,564.9,37
53,188,48,10.5,397.8,48
31,176,69,8.0,751.1,81
20,185,89,8.0,1332.2,108
56,166,86,13.5,944.4,48
32,183,69,13.5,735.5,46
44,152,62,10.5,453.8,43
32,154,84,8.0,258.4,23
20,163,52,13.5,891.0,80
42,152,83,13.5,1289.9,71
44,172,84,13.5,954.0,53
48,188,58,10.5,209.9,21
18,179,76,13.5,1369.0,83
47,172,95,10.5,368.7,22
19,176,82,10.5,1560.1,110
24,159,77,8.0,327.0,32
40,174,67,8.0,1064.4,116
31,162,59,10.5,962.4,96
59,165,77,8.0,683.1,63
47,183,69,8.0,1120.5,119
25,186,61,13.5,397.2,30
55,171,77,8.0,367.2,35
18,166,91,10.5,371.7,24
24,172,99,8.0,1692.0,120
23,185,46,13.5,195.3,18
55,158,58,10.5,560.8,58
58,151,97,8.0,300.8,22
32,181,84,10.5,990.4,69
51,171,84,8.0,366.8,33
46,162,95,13.5,1586.3,78
26,157,83,8.0,643.6,54
54,150,95,10.5,1933.0,118
34,166,50,10.5,596.9,65
21,161,50,10.5,200.1,23
45,153,47,8.0,277.1,44
55,162,51,8.0,507.5,70
50,180,95,8.0,1301.7,95
59,156,52,13.5,1424.2,118
39,172,86,13.5,1149.8,58
21,173,96,13.5,1550.7,73
46,154,59,10.5,286.4,29
22,154,91,10.5,1266.8,82
20,166,73,10.5,1067.4,84
45,179,77,10.5,1056.7,75
39,158,96,10.5,1614.4,94
22,155,74,8.0,1099.6,104
48,174,83,10.5,1633.2,115
58,168,71,8.0,370.1,37
34,165,80,13.5,1697.4,91
31,170,73,13.5,999.9,61
56,151,82,13.5,567.9,31
48,159,77,13.5,1257.1,71
25,165,81,13.5,1246.7,68
53,186,71,10.5,1369.0,105
26,164,99,10.5,1134.9,66
36,162,77,10.5,469.4,36
22,162,48,13.5,1238.5,115
19,181,66,13.5,1402.3,97
58,157,46,8.0,339.3,53
27,167,54,10.5,1027.9,113
59,185,49,13.5,311.1,27
33,175,54,13.5,1158.0,92
48,159,77,13.5,1823.4,109
20,180,98,8.0,1049.0,80
20,182,82,13.5,1219.2,66
33,178,57,8.0,947.7,117
57,154,75,8.0,1159.6,115
35,162,91,10.5,426.3,28
21,150,80,13.5,1573.1,87
48,172,89,8.0,1104.2,88
38,189,68,13.5,1148.0,77
22,152,96,10.5,1462.2,85
51,152,59,10.5,453.2,42
38,156,73,8.0,1002.4,103
17,185,52,10.5,546.6,60
36,184,49,10.5,344.2,42
38,164,73,10.5,198.4,16
27,189,91,13.5,608.7,31
29,152,48,13.5,780.8,73
58,178,56,8.0,527.7,66
19,179,89,8.0,223.3,18
25,188,46,10.5,712.2,91
28,167,71,10.5,1137.9,96
39,160,75,8.0,177.3,17
30,187,95,10.5,816.7,51
49,189,95,8.0,1435.8,111
34,150,80,13.5,2144.2,119
57,178,80,10.5,553.5,38
25,159,70,10.5,1009.4,86
39,177,87,10.5,758.6,49
26,180,71,13.5,243.2,16
35,168,49,13.5,524.9,47
21,152,64,10.5,1013.2,90
39,185,55,8.0,784.6,100
46,164,54,13.5,1109.2,91
41,182,84,10.5,347.6,24
44,175,82,10.5,1328.2,95
50,165,50,13.5,819.5,76
41,185,52,8.0,411.4,57
26,182,67,10.5,1011.0,83
30,169,91,8.0,920.3,73
58,162,70,8.0,228.0,23
46,182,90,13.5,1805.6,91
57,154,87,10.5,1120.8,74
41,186,56,10.5,741.4,77
30,163,70,8.0,614.1,66
51,176,57,13.5,470.6,37
50,172,84,13.5,853.6,44
26,163,62,13.5,786.8,57
51,189,69,8.0,794.4,82
27,153,77,8.0,382.4,35
27,188,91,10.5,891.6,57
37,168,84,13.5,1693.2,87
37,153,87,8.0,248.7,21
38,179,56,13.5,368.8,30
23,168,88,8.0,437.9,37
33,180,80,10.5,977.8,72
18,180,92,13.5,2140.3,101
28,158,48,8.0,310.4,45
58,162,49,13.5,890.4,83
34,163,81,8.0,214.8,20
27,159,52,8.0,557.7,79
32,180,86,8.0,882.2,73
34,186,93,13.5,867.3,42
51,172,72,8.0,320.3,32
42,176,75,10.5,1371.5,102
32,155,53,13.5,1075.2,91
22,175,98,10.5,1998.8,111
59,151,95,10.5,390.9,24
58,162,73,13.5,361.4,21
28,168,58,8.0,397.0,51
29,150,84,10.5,1554.1,110
20,189,85,13.5,1156.7,59
55,181,66,8.0,931.5,100
18,171,55,13.5,382.8,30
42,178,67,13.5,1513.6,102
43,151,45,13.5,295.7,28
43,189,90,8.0,299.4,25
31,187,81,10.5,1310.4,97
24,160,65,10.5,1126.0,101
23,166,70,13.5,778.5,48
56,157,90,13.5,1524.4,74
28,171,80,8.0,1297.5,118
29,153,98,13.5,580.8,27
59,160,67,13.5,763.8,53
33,157,45,13.5,577.7,58
33,158,98,10.5,717.4,42
52,175,99,13.5,1225.3,54
37,151,95,10.5,506.0,30
24,165,84,8.0,776.9,64
21,180,59,8.0,329.1,42
42,155,65,10.5,917.5,82
32,170,91,10.5,1684.9,106
52,175,53,10.5,698.1,74
44,168,97,10.5,441.1,26
45,177,53,13.5,372.5,30
28,157,54,10.5,640.0,67
53,163,96,10.5,1089.8,68
46,173,97,10.5,1028.1,63
39,186,70,13.5,807.5,50
32,175,85,13.5,1484.9,76
30,180,79,13.5,1681.6,98
26,181,96,8.0,507.8,40
23,151,69,13.5,1095.3,70
53,174,70,10.5,1291.3,104
45,151,55,13.5,429.3,36
19,150,82,13.5,1600.9,87
31,185,46,10.5,655.2,83
52,161,51,13.5,1137.1,95
35,158,62,8.0,525.2,63
29,185,71,13.5,1830.9,112
58,177,78,8.0,173.0,16
37,187,71,8.0,625.9,67
53,182,61,8.0,177.5,21
43,171,87,10.5,1666.1,114
45,174,88,13.5,1830.5,91
36,167,95,8.0,449.7,34
41,155,98,8.0,1392.4,108
22,167,68,13.5,653.3,44
52,165,69,10.5,1104.4,89
18,164,51,10.5,951.0,109
38,157,96,8.0,1075.6,81
48,162,50,10.5,626.7,73
32,156,97,13.5,1819.6,80
34,166,68,10.5,203.0,17
21,181,77,13.5,1236.5,70
52,171,93,8.0,1146.6,93
46,162,73,13.5,485.8,31
35,172,87,8.0,775.2,66
39,178,66,13.5,305.9,21
50,171,70,13.5,304.9,19
29,150,72,10.5,1421.0,112
59,178,94,13.5,2318.2,111
45,154,65,8.0,620.9,68
52,184,93,13.5,1516.6,75
38,159,51,8.0,202.4,30
52,168,61,8.0,1004.8,115
25,186,64,13.5,1173.9,81
55,156,85,10.5,1102.1,73
35,184,93,13.5,1251.8,61
54,162,64,13.5,881.4,62
22,159,98,10.5,1281.8,78
31,151,66,8.0,605.2,64
36,155,72,13.5,1618.6,99
25,157,84,10.5,774.8,55
48,185,93,10.5,1442.3,86
20,174,51,8.0,252.6,36
34,189,45,10.5,549.7,68
21,156,76,8.0,190.0,19
36,172,57,13.5,378.8,31
39,168,74,10.5,1440.2,115
27,171,67,13.5,1346.8,92
53,162,95,10.5,1996.5,117
38,170,63,10.5,618.9,55
20,150,76,13.5,1833.6,106
45,168,74,10.5,1465.9,109
50,182,73,13.5,1520.9,95
29,153,93,13.5,1066.8,49
58,152,89,8.0,692.1,54
25,176,73,13.5,587.4,36
58,184,74,8.0,608.9,62
47,177,60,13.5,925.0,67
23,155,84,10.5,1547.3,107
20,155,63,13.5,350.2,24
35,172,62,10.5,335.5,32
58,182,45,8.0,706.2,113
46,165,58,10.5,954.9,94
47,173,95,13.5,1292.8,63
51,154,91,10.5,1335.1,85
37,162,94,8.0,548.4,44
47,161,46,10.5,264.7,33
35,154,98,10.5,1223.9,69
47,186,72,13.5,1171.3,74
48,180,93,13.5,2169.4,101
18,177,94,10.5,1369.9,86
26,177,74,8.0,989.4,95
18,179,82,10.5,523.1,35
18,167,95,8.0,516.4,40
40,176,48,8.0,290.0,42
33,184,45,8.0,330.1,53
48,175,52,10.5,419.9,47
32,188,73,8.0,566.9,54
32,167,99,10.5,1601.9,97
55,182,83,8.0,470.4,43
47,174,47,8.0,223.3,34
59,180,76,10.5,465.6,34
40,186,54,13.5,1096.1,88
17,151,54,13.5,302.6,26
27,182,63,10.5,1278.9,111
37,188,90,10.5,626.7,39
20,181,78,13.5,715.2,39
23,167,77,13.5,306.5,18
42,166,67,13.5,276.6,18
28,183,99,10.5,412.8,23
47,188,72,8.0,285.4,29
33,156,76,10.5,556.7,40
49,184,94,13.5,1920.7,93
27,179,51,8.0,720.2,104
44,161,73,10.5,1411.1,106
48,184,52,13.5,1041.2,85
17,160,45,10.5,354.5,46
44,153,99,8.0,1187.7,90
58,174,47,13.5,1225.9,113
23,181,68,10.5,819.1,66
18,169,67,8.0,430.6,46
58,180,52,8.0,167.7,23
40,153,98,10.5,1619.3,92
20,187,91,8.0,328.1,27
35,150,81,13.5,1336.2,70
42,152,47,8.0,372.0,58
27,186,95,10.5,1869.0,111
56,171,77,13.5,1899.8,110
59,166,72,8.0,963.0,97
27,163,91,8.0,565.1,44
19,184,52,13.5,368.4,30
28,162,78,13.5,463.6,26
19,184,79,8.0,990.0,88
58,151,76,13.5,1303.4,80
43,162,68,10.5,392.6,32
18,165,58,8.0,212.3,27
32,167,76,10.5,1370.0,107
18,156,90,8.0,454.8,38
46,185,87,10.5,1797.9,116
36,179,60,10.5,286.6,26
54,156,48,13.5,812.5,74
44,164,96,8.0,959.4,74
41,189,81,13.5,1892.2,107
48,168,98,13.5,2210.7,100
26,186,65,8.0,980.5,114
58,151,58,10.5,150.7,15
56,162,75,8.0,601.2,57
49,189,99,8.0,989.1,69
29,180,92,8.0,682.1,54
57,165,62,13.5,1055.5,78
58,155,51,8.0,349.4,48
53,177,54,8.0,367.3,48
32,181,51,8.0,453.1,62
38,159,77,10.5,615.3,47
36,167,67,10.5,952.3,82
59,153,65,10.5,1383.0,116
43,158,63,10.5,468.5,44
57,156,92,13.5,2063.4,98
32,157,63,13.5,1435.5,104
50,156,80,8.0,1029.2,93
48,189,73,13.5,1438.1,85
42,152,62,10.5,921.2,85
41,166,46,8.0,282.0,43
18,151,45,8.0,228.6,37
28,164,91,10.5,802.6,48
56,178,49,10.5,835.0,98
25,171,64,10.5,313.4,29
28,153,55,13.5,1360.1,111
42,155,86,8.0,816.4,67
25,187,46,10.5,258.2,31
26,175,47,8.0,505.1,78
48,160,67,8.0,916.9,98
50,175,99,13.5,1728.2,75
36,166,56,8.0,567.3,71
55,173,64,10.5,1035.3,91
18,177,49,10.5,902.2,102
17,184,81,8.0,575.8,51
52,180,82,8.0,226.4,21
40,162,74,13.5,349.5,22
43,184,53,10.5,981.7,101
18,165,78,10.5,1211.2,92
47,164,97,8.0,1089.8,82
30,167,88,8.0,444.5,35
18,186,79,8.0,794.6,75
45,176,96,10.5,1529.2,88
31,184,66,8.0,942.1,100
28,184,88,13.5,2242.4,108
53,177,68,13.5,1616.3,108
44,188,61,8.0,778.6,94
36,187,54,13.5,1124.9,89
55,158,74,13.5,1620.7,100
40,161,90,13.5,874.9,43
37,164,67,13.5,600.1,39
26,170,76,13.5,1203.1,72
30,184,61,10.5,312.0,28
53,182,94,8.0,1216.1,92
34,168,95,13.5,1632.6,80
40,172,61,8.0,552.9,68
30,162,58,13.5,1150.8,91
50,150,53,10.5,732.1,81
28,178,84,10.5,661.7,44
38,173,46,13.5,317.6,32
22,165,89,13.5,1341.4,68
52,174,69,13.5,1842.7,114
52,172,83,10.5,511.3,35
38,177,53,10.5,606.9,67
30,165,98,8.0,1375.1,97
32,187,66,10.5,337.6,30
52,160,87,13.5,855.5,42
41,152,90,8.0,229.2,18
48,164,48,10.5,593.5,69
49,150,70,10.5,364.7,29
52,156,73,13.5,1282.0,78
36,150,89,8.0,1003.2,79
34,181,78,10.5,423.3,30
54,158,67,10.5,393.1,34
19,178,81,13.5,1407.4,78
39,175,55,8.0,371.5,47
48,172,50,8.0,658.7,95
32,178,62,8.0,738.0,83
21,187,65,8.0,755.8,83
20,182,86,13.5,1406.2,72
37,156,80,10.5,707.2,53
56,161,85,10.5,1323.6,91
30,180,82,8.0,567.3,50
55,181,78,8.0,1175.5,108
47,169,61,8.0,701.0,82
30,166,81,10.5,1462.6,101
22,185,69,10.5,429.2,35
28,152,82,8.0,903.9,77
32,150,56,13.5,1221.9,99
33,176,67,10.5,237.8,20
39,189,97,10.5,616.1,38
30,182,86,8.0,795.5,67
23,169,66,13.5,1581.1,109
48,163,65,8.0,861.8,97
31,185,71,8.0,1122.8,116
33,154,75,13.5,1452.0,90
57,172,50,13.5,1031.5,92
50,164,71,13.5,1073.0,64
21,155,84,10.5,374.5,26
43,182,78,8.0,773.1,70
39,168,56,10.5,285.6,29
56,162,89,13.5,1908.5,97
30,178,97,10.5,1725.5,106
31,155,51,13.5,602.0,54
59,164,54,13.5,687.1,55
49,165,89,8.0,999.3,83
47,173,61,8.0,675.5,83
51,172,70,8.0,190.4,20
33,159,65,10.5,1158.5,101
44,166,72,8.0,823.2,81
35,179,90,13.5,2302.5,115
39,159,46,8.0,299.0,47
48,168,98,10.5,973.1,57
56,178,87,8.0,400.5,35
29,151,45,8.0,603.7,98
36,185,95,8.0,1047.3,79
51,168,97,10.5,2000.0,117
21,156,80,13.5,571.9,31
25,175,95,13.5,2326.1,107
45,164,70,13.5,338.8,22
22,187,73,8.0,768.4,78
41,152,65,8.0,931.8,104
47,187,55,10.5,413.7,42
38,165,84,13.5,2030.8,112
18,151,55,8.0,826.7,104
21,180,80,8.0,300.1,27
43,177,93,8.0,1450.8,115
41,156,83,10.5,399.8,27
24,179,84,13.5,938.1,52
17,156,79,10.5,538.3,39
36,185,98,13.5,1673.4,76
39,178,78,13.5,627.4,37
48,173,99,8.0,1415.7,100
27,188,91,8.0,453.7,35
55,153,68,8.0,617.4,68
40,178,98,8.0,1029.6,77
27,154,66,8.0,385.7,44
45,178,49,13.5,1015.4,89
42,179,77,8.0,858.0,82
32,178,80,8.0,1220.9,111
51,175,91,10.5,1408.0,90
36,168,64,10.5,955.9,87
19,175,63,13.5,668.2,46
17,186,79,13.5,1621.1,89
17,176,96,10.5,1935.4,115
33,179,87,10.5,587.7,38
18,179,61,8.0,177.4,21
45,152,89,8.0,1008.9,86
36,156,87,13.5,2078.5,111
22,158,78,10.5,1389.6,103
24,162,53,13.5,183.3,15
45,164,70,8.0,171.4,17
49,154,46,13.5,1163.9,118
19,178,97,13.5,904.6,42
51,184,53,13.5,660.9,57
21,176,53,8.0,839.5,111
43,176,84,13.5,1173.2,60
28,157,61,8.0,122.9,15
36,181,45,10.5,418.1,52
36,169,69,13.5,1667.9,105
25,159,87,13.5,2197.4,116
55,162,84,8.0,565.6,49
20,178,86,13.5,1723.3,88
35,184,69,8.0,818.3,90
54,157,83,13.5,1627.7,88
43,178,79,10.5,907.7,68
59,180,47,10.5,925.1,112
29,179,94,10.5,646.5,38
29,171,81,13.5,767.3,42
38,170,88,13.5,679.7,36
44,161,88,10.5,440.3,30
38,160,95,10.5,453.6,27
59,151,74,8.0,1146.9,114
35,151,82,8.0,1302.5,114
24,183,78,10.5,1002.5,76
24,152,56,10.5,574.1,57
58,165,63,13.5,1483.3,101
42,153,81,10.5,1354.9,92
42,172,88,8.0,549.0,46
39,169,93,8.0,1058.8,81
59,174,61,8.0,866.4,105
29,179,54,8.0,743.6,97
44,167,99,8.0,1317.5,100
25,160,93,8.0,937.4,71
36,178,91,10.5,1250.5,79
35,166,56,8.0,665.8,83
55,175,60,8.0,535.4,63
28,172,68,8.0,436.7,47
31,169,63,8.0,299.2,33
47,151,52,10.5,445.1,50
30,173,75,13.5,1483.7,84
27,180,65,13.5,435.5,29
42,176,61,13.5,1641.4,114
58,151,67,13.5,1598.7,111
43,163,81,8.0,416.2,38
27,153,98,13.5,925.9,41
54,162,60,13.5,886.4,63
50,185,50,10.5,742.1,89
59,184,52,10.5,319.9,37
35,157,69,10.5,553.7,47
22,151,62,8.0,488.4,55
54,155,69,8.0,686.0,70
58,180,56,8.0,327.8,43
44,159,59,10.5,441.5,45
17,170,70,13.5,1251.1,79
51,159,85,10.5,1622.3,112
56,172,89,8.0,403.6,32
24,152,70,10.5,1169.7,96
23,181,91,13.5,416.8,20
27,169,76,8.0,718.3,66
55,159,54,13.5,658.4,54
20,178,60,13.5,1049.0,79
41,183,51,8.0,405.7,56
28,186,61,13.5,1447.5,108
42,169,67,10.5,999.1,82
54,157,70,13.5,693.4,46
28,156,65,13.5,362.8,24
59,155,66,13.5,1182.2,83
53,160,51,10.5,196.2,23
40,167,58,13.5,1068.3,83
32,178,59,13.5,1041.1,75
29,174,97,10.5,444.9,25
41,170,51,8.0,773.5,113
20,152,53,8.0,742.8,105
27,167,95,8.0,1061.8,82
48,173,92,13.5,1791.9,88
23,187,52,8.0,863.5,117
27,159,94,10.5,1815.7,111
44,176,67,13.5,1797.6,116
57,161,73,13.5,370.3,22
39,156,62,13.5,885.7,63
39,166,75,8.0,407.4,38
44,150,74,8.0,1161.2,117
59,175,96,8.0,603.1,47
42,164,83,13.5,2278.0,119
41,182,79,10.5,444.6,33
45,186,62,13.5,212.1,16
35,180,86,10.5,1081.2,69
49,184,83,13.5,472.6,25
52,150,61,10.5,1199.6,113
30,157,58,13.5,413.7,31
30,161,75,13.5,929.2,56
51,168,68,10.5,933.0,75
46,174,79,10.5,224.9,17
44,181,88,10.5,1561.7,100
33,161,89,10.5,784.3,49
19,162,78,10.5,1347.2,99
32,177,47,10.5,868.8,103
46,150,81,10.5,1729.3,117
45,155,87,10.5,1247.7,80
31,157,84,13.5,278.1,15
41,153,70,10.5,258.8,21
54,154,99,10.5,613.3,34
58,174,67,13.5,854.9,57
54,171,88,13.5,403.2,20
39,177,83,8.0,789.5,69
41,188,59,8.0,895.2,114
58,172,93,10.5,544.5,35
23,153,48,10.5,570.7,65
38,153,73,8.0,612.7,60
33,170,66,8.0,429.6,49
34,186,69,10.5,1425.8,114
57,151,57,8.0,173.9,22
26,156,62,10.5,913.9,82
26,165,77,13.5,500.4,30
23,166,60,13.5,1138.0,81
54,169,89,8.0,1056.0,85
43,172,86,13.5,1545.3,78
49,183,88,13.5,302.0,16
17,160,46,13.5,152.4,15
50,183,99,13.5,1566.5,72
20,182,79,10.5,216.7,15
33,175,86,10.5,1690.9,116
20,151,78,8.0,231.3,21
59,172,74,13.5,1620.6,102
42,171,99,13.5,1792.9,83
20,183,57,13.5,1249.2,99
17,164,57,8.0,860.4,106
23,159,62,10.5,357.3,32
46,164,76,13.5,1823.1,102
25,178,76,10.5,637.3,46
51,172,79,8.0,617.8,59
24,166,83,10.5,705.2,47
40,158,90,13.5,1773.3,88
35,185,96,10.5,1515.1,87
52,158,73,10.5,771.8,63
59,165,93,8.0,624.2,47
43,185,73,8.0,1082.8,111
48,182,97,8.0,1121.6,85
30,180,88,8.0,951.2,82
34,155,60,10.5,424.4,42
44,159,88,10.5,1547.0,101
45,165,91,8.0,870.3,67
32,153,54,8.0,844.2,110
51,171,74,13.5,940.1,58
47,162,69,13.5,1408.5,94
20,165,83,8.0,783.5,69
53,178,64,10.5,279.1,24
33,155,49,8.0,182.0,28
55,175,45,10.5,925.3,117
42,160,74,10.5,620.9,50
55,173,93,13.5,1001.4,48
57,178,47,8.0,638.4,102
20,152,89,8.0,377.4,32
46,159,58,10.5,295.1,30
46,150,74,8.0,1188.3,119
38,175,94,13.5,1054.5,51
27,161,48,13.5,602.6,55
18,163,62,8.0,319.6,39
28,174,81,8.0,236.2,22
46,157,69,13.5,1534.3,102
52,153,92,8.0,1293.6,98
34,177,45,10.5,861.4,108
42,156,97,8.0,1345.3,98
23,159,90,10.5,497.5,32
17,185,59,8.0,650.1,82
42,151,53,8.0,433.6,62
39,175,59,13.5,1511.6,114
42,163,93,10.5,1377.3,84
22,165,68,13.5,1288.5,81
22,166,48,8.0,220.6,32
24,171,56,13.5,1475.6,118
40,153,81,8.0,355.8,32
38,168,81,8.0,757.8,70
35,151,87,8.0,434.5,37
53,188,50,10.5,447.0,49
34,158,83,10.5,280.1,20
47,168,90,10.5,659.5,40
53,165,68,13.5,1515.4,99
46,174,55,8.0,568.1,75
58,167,57,13.5,1265.6,102
49,172,78,13.5,517.2,29
26,170,69,8.0,998.2,105
53,160,51,13.5,521.0,46
28,188,96,8.0,337.1,26
46,153,48,8.0,120.7,19
43,174,52,8.0,562.2,78
55,181,64,8.0,738.5,85
25,179,73,13.5,1676.6,100
37,175,98,13.5,924.3,41
28,185,97,13.5,1995.6,93
45,183,95,10.5,1978.0,117
49,158,89,13.5,1153.0,59
59,161,90,13.5,1014.8,49
31,151,54,10.5,359.7,40
18,187,87,8.0,429.8,37
55,154,78,8.0,283.9,27
34,154,70,8.0,1034.6,104
19,171,85,10.5,241.9,17
23,154,93,13.5,871.7,43
59,153,47,13.5,834.0,80
34,158,50,13.5,834.4,78
54,178,49,13.5,475.2,42
53,171,49,10.5,871.3,101
49,176,98,13.5,1146.7,50
47,159,91,8.0,240.0,20
27,165,67,10.5,286.4,25
20,159,93,10.5,865.9,52
34,155,53,8.0,358.1,48
20,154,79,8.0,1011.5,95
50,155,64,13.5,1177.6,81
45,174,93,8.0,794.6,60
40,153,86,10.5,1606.9,112
38,189,79,10.5,1412.6,100
18,181,94,10.5,689.8,43
22,184,62,13.5,1078.5,74
58,159,61,13.5,936.9,68
41,183,68,8.0,959.5,107
37,185,47,13.5,869.2,83
32,155,76,13.5,1575.0,88
47,165,79,10.5,1244.6,88
30,168,82,10.5,323.5,23
55,183,57,8.0,786.5,99
44,174,91,10.5,1463.5,91
48,180,69,13.5,354.8,24
44,166,53,8.0,823.2,116
25,179,48,8.0,594.0,89
38,188,58,10.5,824.2,82
48,180,81,10.5,989.0,72
21,168,78,10.5,1528.4,109
39,184,55,8.0,501.6,66
21,178,85,10.5,700.4,48
58,150,47,13.5,1226.1,120
48,153,72,8.0,493.5,49
26,177,73,10.5,1519.5,117
55,167,53,13.5,1418.9,117
31,175,47,13.5,483.1,47
23,189,69,10.5,1048.4,86
45,168,78,13.5,840.0,46
19,155,56,8.0,526.7,69
35,150,86,8.0,1282.3,111
26,157,53,13.5,269.5,22
44,182,59,8.0,473.9,60
45,170,84,10.5,401.5,28
31,173,69,13.5,1669.4,112
51,174,49,8.0,145.7,22
22,168,55,10.5,1144.6,120
28,178,78,10.5,1109.7,85
54,159,68,8.0,887.8,91
29,161,59,13.5,903.9,68
45,182,82,10.5,506.7,35
35,156,52,10.5,988.1,110
19,166,49,10.5,776.1,89
24,159,92,10.5,447.7,28
24,180,70,13.5,1438.4,89
36,155,62,8.0,141.6,16
20,166,50,8.0,788.0,112
37,186,81,8.0,839.6,75
19,167,92,10.5,513.2,31
24,175,57,13.5,1179.2,92
39,165,72,8.0,986.0,103
32,157,49,13.5,657.3,62
29,173,57,8.0,865.1,105
19,162,61,10.5,228.1,22
25,178,94,8.0,939.0,70
30,181,84,10.5,444.2,31
29,173,89,10.5,1283.8,83
23,165,76,8.0,277.6,26
31,160,73,13.5,825.0,52
23,181,95,10.5,544.6,32
54,155,47,13.5,431.0,40
50,184,84,8.0,1272.0,109
57,182,78,10.5,700.7,51
38,167,84,13.5,1525.0,84
40,186,71,10.5,679.0,55
53,162,57,8.0,703.0,93
17,159,89,10.5,855.4,56
26,186,77,8.0,1152.1,104
59,175,50,13.5,1020.0,90
32,166,68,10.5,670.4,55
24,150,63,13.5,871.1,61
41,174,60,8.0,225.3,28
28,183,84,8.0,176.0,15
41,188,72,13.5,515.0,31
33,159,77,13.5,1853.5,111
42,169,92,8.0,906.0,69
30,156,85,13.5,2057.7,107
57,165,57,8.0,502.1,67
52,186,87,13.5,882.6,45
39,178,89,8.0,925.9,76
59,161,69,8.0,205.7,22
22,166,97,10.5,767.2,44
21,169,86,8.0,1125.8,91
59,175,80,8.0,1067.6,94
41,168,71,10.5,1028.5,80
34,161,82,10.5,881.3,59
29,170,51,13.5,382.4,32
59,183,49,13.5,1197.8,113
30,156,87,8.0,707.0,59
44,184,89,13.5,627.8,33
34,164,95,13.5,1946.4,91
44,150,75,8.0,886.8,82
43,175,67,10.5,1103.1,97
48,184,86,10.5,976.7,64
25,174,54,8.0,295.5,39
56,164,76,8.0,528.1,52
48,171,87,8.0,1277.5,109
36,155,97,8.0,668.4,50
44,164,74,8.0,813.2,82
49,173,83,8.0,810.5,70
20,170,75,13.5,893.0,53
50,156,62,13.5,1076.2,77
19,178,80,13.5,364.2,21
42,181,46,10.5,580.6,72
24,181,58,8.0,720.2,94
22,154,57,8.0,597.6,73
32,153,73,13.5,1002.4,62
40,171,56,10.5,192.8,19
55,167,83,13.5,1924.2,101
46,184,46,8.0,326.6,50
29,166,76,8.0,1135.0,110
21,173,57,13.5,1272.5,102
41,151,90,13.5,782.4,39
36,162,71,8.0,551.9,59
34,164,93,13.5,2310.9,106
34,154,85,8.0,383.6,33
18,152,61,13.5,302.3,21
26,186,84,10.5,1086.1,72
28,186,75,8.0,1182.8,119
29,186,78,10.5,1317.5,95
27,152,68,13.5,1196.0,80
35,184,89,10.5,1426.5,94
51,172,79,13.5,919.1,53
55,177,92,10.5,536.6,32
42,179,50,10.5,1023.7,117
30,167,63,10.5,168.2,15
40,185,74,8.0,771.0,77
57,182,51,10.5,152.1,17
17,175,54,13.5,418.9,35
59,189,85,13.5,826.4,44
38,166,76,8.0,256.2,25
39,189,78,8.0,384.9,36
35,156,72,13.5,1168.6,71
34,157,59,10.5,1033.9,103
28,180,74,13.5,296.2,17
44,161,81,8.0,474.5,44
44,180,73,8.0,1028.0,102
49,168,66,13.5,839.8,59
35,159,48,10.5,400.0,50
44,188,64,10.5,1179.0,101
53,161,76,8.0,932.2,86
42,169,80,13.5,1431.3,78
51,186,94,13.5,1490.7,68
50,156,48,8.0,561.0,82
51,163,71,13.5,1037.5,64
56,160,61,8.0,1021.6,117
32,156,56,10.5,436.2,45
54,178,66,10.5,499.3,43
29,159,61,13.5,1029.6,73
39,178,54,10.5,452.9,50
38,158,98,10.5,1616.6,91
32,185,45,8.0,715.4,119
44,159,66,8.0,823.3,87
51,168,70,13.5,1529.8,99
24,180,62,8.0,682.7,81
38,166,94,13.5,2085.6,103
37,158,58,13.5,1396.0,103
42,182,91,8.0,1096.1,90
56,183,73,10.5,1384.7,107
37,173,56,10.5,248.5,25
41,158,80,10.5,342.3,25
57,156,79,10.5,579.9,40
17,165,96,13.5,1384.1,67
22,168,56,10.5,277.4,28
39,188,51,13.5,893.2,78
39,155,73,8.0,925.1,94
59,160,55,8.0,176.5,24
59,161,77,13.5,798.1,45
39,162,50,10.5,993.5,109
48,161,91,13.5,983.6,50
46,170,59,10.5,240.2,24
29,159,76,10.5,557.9,40
59,169,95,13.5,691.5,34
34,185,55,13.5,718.3,58
39,177,67,10.5,892.5,76
31,173,70,13.5,1337.8,87
49,154,78,10.5,1290.1,93
37,186,90,13.5,486.5,23
55,161,78,8.0,912.6,85
39,184,73,10.5,1361.7,104
43,189,48,8.0,256.0,38
34,151,61,13.5,355.9,26
40,188,79,8.0,772.3,74
56,158,57,13.5,1287.2,98
58,171,85,10.5,1349.8,92
23,154,83,13.5,1816.0,100
36,161,59,13.5,416.1,30
43,150,99,10.5,765.4,43
22,171,73,13.5,790.5,46
43,187,73,10.5,1209.0,97
25,168,55,13.5,626.7,49
47,165,96,10.5,967.9,57
37,180,76,8.0,1212.2,110
42,152,46,13.5,724.4,67
56,172,91,13.5,729.1,34
29,167,58,13.5,1609.5,118
39,175,64,10.5,1043.6,98
36,162,66,13.5,334.6,22
53,167,55,10.5,1062.8,113
44,152,71,13.5,912.9,56
33,172,47,8.0,620.1,91
44,152,61,13.5,1558.0,119
57,174,88,8.0,1029.4,84
18,176,72,10.5,386.9,30
41,176,73,8.0,817.5,83
57,188,65,13.5,952.9,67
22,174,91,13.5,1154.9,59
27,173,60,10.5,654.8,65
54,157,81,13.5,2073.2,112
22,158,64,13.5,288.2,20
27,186,50,10.5,391.9,47
30,179,63,10.5,1073.5,93
18,168,49,8.0,199.6,29
56,165,47,10.5,230.7,28
19,173,45,13.5,524.4,53
51,170,82,10.5,1122.4,77
49,185,59,13.5,248.8,19
40,189,78,8.0,1144.9,104
35,188,79,10.5,1337.4,95
34,155,93,13.5,1324.8,66
40,154,69,10.5,377.1,30
51,163,68,10.5,1342.9,113
17,153,56,10.5,504.1,52
52,157,62,10.5,760.1,67
41,173,59,8.0,819.2,101
59,160,88,13.5,1841.7,91
50,166,60,10.5,1183.6,111
41,170,71,13.5,1652.1,107
32,175,52,8.0,505.6,67
50,176,90,13.5,1210.6,60
45,165,69,13.5,1720.5,112
35,175,61,8.0,984.8,112
39,182,73,10.5,1345.3,105
35,180,97,13.5,645.9,29
41,155,52,13.5,883.7,73
32,157,59,10.5,643.3,64
25,156,71,10.5,276.3,23
17,183,90,13.5,775.0,40
58,163,94,8.0,229.8,17
35,165,96,10.5,1857.8,114
49,158,51,10.5,534.0,61
50,159,47,8.0,120.9,19
32,166,73,13.5,1223.9,76
56,161,88,10.5,1534.6,98
34,155,97,13.5,2236.0,98
50,168,68,13.5,285.7,19
41,178,47,13.5,251.5,24
22,155,64,8.0,854.8,94
37,174,90,13.5,1548.7,77
22,173,59,13.5,539.8,39
48,174,69,10.5,700.6,58
57,165,74,10.5,497.4,39
59,165,58,8.0,369.7,44
55,155,51,8.0,196.1,28
47,186,61,10.5,1038.8,100
58,170,88,10.5,849.5,57
26,153,64,8.0,390.3,42
46,183,80,13.5,1993.2,108
34,177,53,8.0,239.7,33
40,187,82,13.5,2210.0,116
25,177,92,10.5,905.8,56
47,166,66,10.5,385.5,34
31,163,98,10.5,1985.1,113
20,156,97,13.5,2236.2,100
56,171,97,8.0,1247.9,93
25,150,46,13.5,247.0,25
25,178,68,8.0,612.6,68
42,180,52,8.0,828.9,112
20,179,55,8.0,298.5,38
33,164,57,10.5,852.8,84
32,167,61,8.0,270.5,31
31,184,52,10.5,390.6,42
51,179,65,8.0,598.3,64
21,183,62,8.0,902.2,109
21,160,74,10.5,1459.7,114
36,176,62,10.5,746.0,69
31,173,90,13.5,1726.1,87
34,184,91,8.0,308.9,24
18,188,75,10.5,478.3,35
45,157,82,13.5,1316.8,72
29,167,76,13.5,857.0,48
20,162,55,10.5,1050.9,109
58,173,89,8.0,1320.3,107
26,172,69,13.5,893.8,57
47,161,77,8.0,260.1,25
57,179,82,8.0,526.9,47
24,180,85,13.5,1384.3,72
19,177,52,10.5,570.1,60
25,171,55,8.0,578.8,75
46,177,66,10.5,863.2,76
27,162,95,13.5,304.9,15
51,174,68,8.0,345.1,35
53,156,85,10.5,1129.7,76
58,155,61,10.5,869.2,78
29,173,56,8.0,786.3,101
52,168,90,10.5,1384.7,87
29,168,76,10.5,950.7,70
28,185,59,13.5,195.6,15
53,158,60,13.5,481.9,35
26,185,98,10.5,619.1,36
25,187,66,10.5,798.9,68
23,189,72,8.0,185.3,18
18,178,64,13.5,1101.7,79
39,173,77,8.0,700.2,65
55,154,54,10.5,794.4,88
56,175,84,8.0,859.1,77
55,163,76,10.5,392.4,29
37,188,94,13.5,1012.1,50
39,178,77,13.5,752.1,43
45,155,46,10.5,516.4,66
30,156,77,13.5,1019.1,60
42,186,77,10.5,1077.0,83
21,167,85,8.0,492.9,43
47,172,57,10.5,628.0,61
41,187,74,8.0,1089.8,105
47,150,77,10.5,549.2,39
36,153,57,13.5,1151.1,94
33,184,96,10.5,518.7,30
18,172,70,10.5,1424.3,114
41,176,66,10.5,1161.2,103
29,175,83,13.5,1050.7,55
55,157,46,10.5,649.7,79
44,165,82,13.5,1525.1,83
58,152,83,10.5,1761.1,119
22,181,70,8.0,327.4,34
19,154,90,10.5,1285.8,83
51,169,94,8.0,648.0,50
34,163,59,13.5,1476.6,107
27,181,78,13.5,1942.9,112
36,175,86,10.5,1073.2,72
21,155,99,13.5,1396.0,62
35,185,88,10.5,1515.8,96
38,189,93,13.5,342.7,16
35,154,84,8.0,1039.8,94
32,162,55,13.5,542.1,43
40,181,47,8.0,718.1,111
57,165,50,10.5,263.1,30
20,150,53,10.5,457.3,49
31,162,50,10.5,680.4,76
41,160,53,8.0,909.0,120
51,157,83,10.5,1400.1,95
30,174,75,10.5,237.8,18
35,189,76,8.0,851.2,82
54,181,85,13.5,1198.1,65
52,173,94,10.5,1772.0,103
23,177,56,13.5,589.9,47
46,163,52,13.5,1083.5,92
35,152,52,10.5,354.5,38
41,185,94,10.5,1400.9,89
32,176,72,8.0,402.2,39
56,169,64,8.0,382.9,42
24,164,91,10.5,343.6,21
34,176,51,13.5,546.3,50
44,177,55,8.0,183.1,24
32,174,64,8.0,422.9,50
35,182,60,10.5,1150.3,109
58,163,48,10.5,832.6,97
33,157,50,10.5,269.4,32
29,163,66,10.5,235.5,20
23,150,70,8.0,1021.3,106
43,165,47,8.0,140.8,21
26,167,85,8.0,1368.5,116
50,156,86,13.5,494.9,26
52,164,58,8.0,433.9,55
41,173,55,8.0,609.1,77
22,162,62,10.5,1209.5,112
40,158,98,8.0,523.7,39
34,164,56,8.0,702.1,95
39,184,67,8.0,612.6,67
22,173,56,10.5,476.7,47
45,182,57,8.0,817.2,101
41,165,69,8.0,807.2,87
33,157,89,13.5,397.0,20
40,178,95,13.5,1575.2,76
27,172,63,13.5,1185.5,80
42,180,99,13.5,2609.3,116
50,189,90,10.5,371.5,23
44,163,80,13.5,1489.2,81
19,179,89,8.0,383.2,30
27,188,52,13.5,1259.2,103
54,176,73,10.5,1242.1,102
30,165,99,13.5,2496.7,107
42,155,97,13.5,1561.7,69
37,182,99,10.5,924.6,54
55,167,76,10.5,549.9,40
46,165,95,10.5,885.0,52
24,161,88,10.5,776.7,49
36,169,62,10.5,1065.2,101
48,189,50,10.5,728.2,82
38,178,62,8.0,596.4,73
23,179,63,13.5,1760.2,120
25,175,66,13.5,434.6,28
17,171,81,10.5,878.7,61
45,182,76,10.5,1558.1,117
24,188,85,8.0,1022.0,85
20,178,47,8.0,549.4,86
51,171,72,10.5,714.5,56
19,162,54,8.0,496.2,65
56,158,95,8.0,418.2,33
23,173,79,10.5,1066.2,80
43,164,73,10.5,796.1,61
17,185,98,10.5,1345.6,79
43,162,59,10.5,600.7,56
32,176,77,13.5,884.0,52
54,186,51,13.5,295.6,27
23,156,56,10.5,1193.6,120
39,157,93,8.0,759.9,58
57,186,74,10.5,494.7,38
27,163,65,13.5,1638.2,110
58,161,75,8.0,457.6,44
49,185,68,13.5,1310.0,84
52,189,64,10.5,555.8,52
53,166,81,13.5,1996.4,111
57,189,48,13.5,388.0,37
33,178,72,13.5,1368.5,88
51,176,88,8.0,841.3,71
21,150,64,13.5,1297.9,93
48,183,68,8.0,364.5,37
19,153,94,10.5,804.9,50
51,173,93,10.5,1124.4,71
30,170,95,13.5,331.4,15
47,182,76,8.0,896.8,86
47,156,85,10.5,250.9,17
33,150,80,8.0,308.1,28
40,152,97,8.0,1264.1,95
39,164,78,13.5,827.8,48
34,180,80,13.5,1479.7,84
30,165,46,8.0,548.3,83
31,159,59,8.0,512.6,65
31,178,78,13.5,2021.8,119
22,155,80,8.0,1315.2,118
43,178,50,13.5,476.2,43
31,166,83,8.0,1287.2,113
52,171,86,13.5,1914.5,96
24,173,95,8.0,1613.3,118
31,166,95,13.5,1363.8,62
19,170,98,8.0,1425.3,108
29,160,56,10.5,955.1,93
57,156,47,10.5,754.5,93
50,188,89,8.0,357.1,30
40,154,62,10.5,770.3,71
56,170,84,8.0,1318.9,111
48,167,65,8.0,206.8,24
48,184,59,10.5,345.3,33
46,169,77,8.0,1268.8,115
29,164,79,13.5,1405.5,81
17,154,70,8.0,493.5,50
50,162,52,8.0,128.2,18
31,161,80,10.5,1235.3,89
30,170,92,13.5,2409.3,119
45,186,74,8.0,487.1,47
50,155,67,8.0,383.9,42
34,156,86,8.0,1351.9,110
23,175,88,8.0,1197.3,94
45,157,58,8.0,192.6,23
47,158,58,8.0,690.0,89
41,176,46,13.5,196.9,20
54,153,99,13.5,1394.7,63
30,170,81,8.0,1203.5,105
24,180,49,8.0,639.2,90
43,170,82,10.5,531.2,36
18,189,89,13.5,2382.0,118
33,174,85,13.5,1129.6,62
53,188,98,8.0,1609.8,115
30,164,91,13.5,693.5,35
41,184,58,13.5,586.1,47
46,186,83,10.5,1428.2,95
45,177,69,10.5,850.8,70
36,163,64,13.5,596.2,43
37,153,46,13.5,685.6,67
38,169,83,13.5,966.7,54
51,183,50,8.0,617.1,88
53,161,61,10.5,334.2,32
32,182,69,8.0,603.6,61
59,173,72,10.5,335.4,27
33,169,46,10.5,329.9,41
32,154,79,10.5,1004.8,76
18,187,81,13.5,1567.8,88
20,179,49,10.5,959.9,110
37,173,45,8.0,758.3,119
55,189,84,10.5,845.0,59
50,156,56,8.0,131.7,17
46,185,80,10.5,520.0,36
22,187,89,10.5,630.9,41
33,165,67,13.5,1002.1,69
55,164,91,8.0,1012.7,81
41,172,75,10.5,623.1,47
21,161,55,10.5,146.4,16
21,178,54,8.0,654.8,89
36,164,47,10.5,498.8,60
32,178,98,13.5,2028.1,88
57,170,58,8.0,930.1,117
53,164,60,13.5,613.1,47
56,163,54,8.0,539.7,72
25,165,73,8.0,207.5,21
21,164,54,8.0,210.5,29
58,153,56,10.5,395.5,40
18,176,74,8.0,266.6,25
25,172,85,8.0,631.9,52
59,178,45,8.0,247.1,41
52,158,49,13.5,1324.2,117
38,156,64,8.0,180.9,21
38,153,52,10.5,133.6,15
38,154,87,8.0,1103.6,88
50,154,56,8.0,282.3,35
45,160,45,13.5,910.4,93
54,177,98,10.5,721.7,44
49,165,64,10.5,1184.6,108
34,179,72,10.5,279.5,22
23,153,87,8.0,1273.8,102
17,151,81,8.0,1045.5,97
49,152,91,10.5,268.4,17
17,170,81,10.5,955.8,69
40,155,56,13.5,347.7,29
20,167,81,10.5,729.2,50
20,154,93,8.0,265.4,20
34,158,93,8.0,700.4,56
43,169,88,8.0,751.9,64
59,177,72,13.5,500.0,32
48,175,91,10.5,1840.6,116
49,167,59,8.0,771.6,97
44,168,50,13.5,720.8,64
58,152,88,13.5,861.2,44
57,158,64,8.0,782.4,91
52,185,94,13.5,1149.1,53
22,180,58,13.5,327.4,26
32,166,46,8.0,734.0,112
50,172,53,13.5,875.9,73
39,183,81,8.0,1041.9,90
58,154,64,8.0,488.1,58
40,164,70,13.5,1646.5,102
29,152,73,8.0,173.6,18
34,168,45,8.0,325.3,50
29,177,99,10.5,1095.9,62
53,152,79,8.0,300.5,28
59,187,50,10.5,816.3,95
55,153,81,10.5,925.3,63
58,173,97,10.5,1430.4,81
33,180,49,10.5,1033.6,116
31,160,77,13.5,1803.8,101
34,186,93,13.5,1964.9,91
39,150,95,8.0,304.5,23
46,158,58,8.0,267.6,35
50,166,56,8.0,883.8,119
20,150,86,13.5,1689.0,86
19,152,64,10.5,1053.5,95
23,175,97,13.5,659.2,30
34,180,94,13.5,617.4,30
58,175,68,8.0,401.0,42
23,172,87,8.0,762.2,65
56,179,78,8.0,752.3,70
22,159,69,10.5,1132.6,94
38,157,94,10.5,1130.3,71
17,174,73,13.5,1124.8,66
20,171,83,10.5,873.8,60
59,164,75,8.0,989.5,92
45,159,91,10.5,808.4,52
37,169,87,10.5,1443.2,98
42,172,94,10.5,970.7,62
30,150,67,10.5,618.7,55
25,151,88,8.0,1315.3,112
28,168,82,8.0,793.2,73
58,163,64,13.5,1602.0,107
22,157,67,13.5,1271.3,81
36,187,89,13.5,1839.3,88
40,161,96,10.5,1722.1,98
43,175,60,10.5,839.3,80
54,176,94,8.0,534.7,41
24,178,86,13.5,857.2,46
17,164,99,8.0,923.9,70
40,150,52,13.5,288.5,24
23,177,94,13.5,1182.7,54
35,152,65,13.5,466.3,31
38,167,45,10.5,586.0,72
51,183,99,13.5,2417.3,111
46,181,52,13.5,233.2,20
45,178,73,10.5,674.3,53
38,174,76,13.5,574.3,32
27,175,82,10.5,1304.5,87
36,188,49,10.5,744.7,86
45,157,91,8.0,1249.7,103
57,168,66,10.5,1228.6,109
58,171,91,10.5,879.7,56
50,178,78,10.5,254.9,18
17,182,45,13.5,332.9,34
47,187,99,8.0,559.1,42
46,184,99,13.5,1184.7,54
34,152,70,10.5,1009.1,79
33,168,87,10.5,1797.2,118
54,159,54,8.0,439.6,58
30,176,74,8.0,374.5,37
39,164,94,10.5,1131.6,71
41,160,62,10.5,643.5,61
31,175,61,13.5,381.8,27
38,173,70,10.5,382.0,30
19,162,52,13.5,1216.0,104
35,181,91,8.0,856.2,69
50,186,84,13.5,2123.5,109
51,153,93,10.5,1308.0,79
17,162,56,13.5,1142.0,95
37,158,71,13.5,472.1,30
45,183,52,8.0,373.5,51
22,186,69,13.5,1032.2,66
53,156,90,10.5,396.1,24
17,150,48,13.5,582.2,52
17,161,77,13.5,960.6,58
43,170,45,13.5,1128.5,109
37,160,63,10.5,954.3,88
32,163,75,13.5,1168.4,68
56,183,60,10.5,1189.8,112
42,183,58,13.5,848.5,65
32,174,97,8.0,916.9,66
44,153,92,8.0,1091.3,84
17,175,49,8.0,746.5,106
52,165,85,10.5,1542.3,106
26,159,70,10.5,880.7,73
59,151,72,10.5,344.3,27
33,184,46,13.5,595.8,55
39,168,94,10.5,422.2,26
23,155,50,10.5,533.8,64
23,168,53,10.5,1088.5,118
31,157,77,10.5,960.9,71
50,163,85,8.0,775.2,64
20,159,69,13.5,1127.5,71
30,152,92,8.0,905.6,68
30,187,57,13.5,1055.0,80
32,178,53,13.5,257.1,22
23,164,97,8.0,1633.0,120
48,172,57,10.5,781.3,77
35,172,75,8.0,250.5,23
18,167,85,13.5,1364.1,74
26,168,55,13.5,923.5,77
33,177,48,10.5,697.5,86
53,175,78,8.0,185.1,17
28,159,82,13.5,1546.6,87
22,153,90,8.0,341.4,27
38,151,48,10.5,199.1,23
48,152,82,10.5,1553.6,109
57,156,63,13.5,1468.9,103
36,165,50,10.5,601.3,66
17,180,78,13.5,1343.1,76
22,159,62,13.5,298.0,22
35,168,57,10.5,1070.2,109
34,177,85,10.5,880.2,59
22,166,67,8.0,599.5,67
49,177,63,8.0,678.6,77
39,168,89,13.5,2291.7,109
39,186,55,8.0,733.8,95
42,172,45,13.5,709.7,71
29,169,68,10.5,795.6,68
23,162,98,10.5,590.4,33
31,162,51,8.0,592.7,81
43,160,69,13.5,928.9,60
42,164,65,13.5,1556.3,108
49,166,59,8.0,200.0,24
31,177,45,13.5,1063.3,107
52,168,56,13.5,1430.2,118
43,153,51,10.5,280.2,32
21,171,59,13.5,342.9,26
18,171,65,13.5,898.8,63
49,186,63,13.5,509.6,37
32,188,73,8.0,729.6,76
39,183,69,8.0,241.7,25
54,182,77,8.0,937.3,87
32,189,93,13.5,1419.1,70
30,182,76,13.5,1821.6,102
45,161,93,8.0,1313.1,103
42,151,79,8.0,718.3,69
51,177,88,13.5,750.6,39
31,159,82,13.5,432.5,23
19,171,70,10.5,309.0,26
39,166,55,8.0,181.7,25
45,175,79,13.5,935.2,52
50,152,52,8.0,302.7,42
49,156,90,8.0,281.1,22
57,157,58,8.0,725.3,88
57,169,54,10.5,1018.1,103
39,161,46,13.5,603.4,61
23,184,90,13.5,965.8,50
19,166,53,8.0,492.1,64
48,177,47,13.5,246.7,23
47,159,65,10.5,1382.8,119
34,171,70,8.0,687.7,74
59,187,52,10.5,748.9,86
23,182,92,10.5,1259.8,81
57,171,46,13.5,688.4,67
17,186,50,13.5,1037.9,96
30,162,72,10.5,1416.2,113
48,176,97,13.5,680.7,31
22,164,73,10.5,1383.6,114
55,171,70,10.5,789.1,67
26,179,69,8.0,395.9,42
23,189,56,10.5,720.9,77
42,186,49,10.5,239.6,29
50,183,78,13.5,563.6,33
46,183,92,8.0,1263.7,100
52,184,81,13.5,1563.8,84
37,168,59,8.0,479.6,61
33,157,88,13.5,1723.0,85
49,188,80,10.5,898.8,62
26,182,59,8.0,720.8,87
58,177,87,8.0,390.5,34
28,186,92,8.0,645.2,51
32,174,67,8.0,838.1,89
57,185,50,13.5,188.6,16
48,166,90,13.5,1650.9,78
31,173,94,8.0,1286.8,100
43,170,88,8.0,615.7,50
44,151,87,8.0,237.6,19
33,180,89,13.5,1613.7,78
18,182,65,8.0,188.4,21
52,179,67,8.0,760.0,84
23,161,87,8.0,417.5,36
29,161,99,13.5,1957.8,88
31,173,60,10.5,644.0,60
41,173,91,10.5,900.3,54
39,160,97,13.5,1696.1,75
38,162,59,10.5,601.2,60
42,176,69,8.0,956.0,98
49,157,80,8.0,455.0,42
27,159,55,13.5,1272.8,101
26,157,95,13.5,1064.7,49
41,169,59,10.5,151.4,15
53,157,48,10.5,351.6,43
59,158,65,8.0,198.6,23
54,156,57,13.5,281.7,23
57,163,66,10.5,430.7,36
40,177,63,10.5,810.7,77
56,151,78,8.0,827.7,80
49,157,58,8.0,734.5,94
33,162,48,8.0,813.9,118
40,170,92,8.0,901.0,72
53,177,97,10.5,1382.0,84
18,184,96,13.5,1522.5,69
48,172,90,13.5,536.9,27
40,164,71,8.0,1072.0,111
25,151,73,8.0,341.2,33
20,161,91,10.5,1444.2,93
33,185,72,8.0,486.7,47
33,152,79,13.5,1573.8,88
46,154,52,8.0,570.4,79
56,152,60,13.5,975.5,74
27,168,86,8.0,319.7,26
37,151,80,8.0,635.4,57
37,186,74,13.5,1720.2,107
34,166,62,10.5,326.5,31
45,163,46,10.5,658.0,82
40,177,93,8.0,568.7,43
26,176,57,8.0,568.0,69
33,159,48,13.5,230.5,21
34,152,70,13.5,914.1,58
58,185,69,8.0,846.9,91
36,187,74,13.5,321.8,19
53,174,55,10.5,746.6,74
34,171,51,10.5,178.1,20
33,188,75,13.5,1826.1,112
25,179,88,13.5,399.3,21
30,170,54,13.5,712.2,60
45,179,83,10.5,1038.4,71
47,177,57,8.0,560.1,68
20,180,75,13.5,1752.8,106
34,175,51,13.5,675.1,60
36,171,93,13.5,501.3,24
59,170,86,8.0,223.1,18
25,150,86,13.5,1554.7,81
29,186,80,13.5,682.6,39
31,162,64,10.5,1093.1,101
43,170,48,13.5,1129.1,105
31,158,98,10.5,1625.2,92
44,166,51,8.0,518.1,75
53,170,98,13.5,1148.0,52
35,180,45,13.5,470.5,46
42,188,88,10.5,567.0,37
42,171,89,8.0,1408.0,118
41,161,86,8.0,632.3,51
42,155,91,10.5,272.5,17
42,165,57,8.0,911.4,113
44,175,99,8.0,374.8,27
34,154,66,8.0,460.1,48
48,158,98,8.0,1376.7,102
19,189,65,8.0,705.0,79
18,163,66,8.0,810.2,90
49,179,72,8.0,216.1,22
58,175,53,8.0,695.2,97
35,178,70,13.5,379.7,23
33,168,53,10.5,404.0,42
49,157,59,8.0,737.1,92
28,172,54,10.5,972.9,105
19,184,68,8.0,289.1,32
59,180,86,8.0,691.3,56
42,184,52,13.5,635.2,55
51,181,68,10.5,1006.9,84
24,154,60,10.5,513.3,47
52,165,93,13.5,2384.3,115
23,166,70,13.5,1948.0,120
52,181,71,10.5,1270.9,103
32,187,81,8.0,1040.1,91
40,181,48,8.0,448.4,68
17,169,94,10.5,1643.6,101
41,151,68,8.0,493.4,50
26,169,63,13.5,1591.1,111
32,167,80,13.5,1758.4,99
32,150,83,13.5,2040.9,112
24,178,54,10.5,631.1,70
45,178,69,10.5,1405.0,114
55,168,62,10.5,332.1,31
44,189,63,8.0,215.9,24
22,155,80,10.5,1394.8,101
32,188,54,10.5,541.2,58
36,157,77,13.5,284.9,16
32,173,99,8.0,1545.9,113
23,169,94,8.0,378.1,28
57,163,49,13.5,611.8,55
30,154,91,8.0,196.2,16
59,189,93,10.5,540.7,33
42,183,79,8.0,976.3,94
42,165,88,13.5,2001.1,103
30,156,78,8.0,157.1,15
23,165,77,13.5,281.5,16
49,156,99,10.5,684.5,41
42,176,65,10.5,178.2,16
36,163,61,13.5,1457.3,108
19,163,66,10.5,713.5,65
20,182,92,10.5,368.9,24
42,182,81,8.0,362.8,33
27,169,59,10.5,1204.6,120
18,185,79,13.5,1606.8,94
30,156,72,10.5,328.4,27
46,181,51,8.0,452.1,62
28,152,76,13.5,1218.9,70
42,188,55,10.5,826.4,86
49,178,54,10.5,688.5,70
29,173,53,10.5,565.7,64
30,171,58,13.5,1400.4,109
40,155,57,8.0,480.3,59
50,173,69,13.5,1619.6,103
42,189,46,13.5,791.9,73
37,172,79,8.0,604.9,53
44,187,51,13.5,388.4,35
52,159,65,13.5,1056.8,69
56,165,62,10.5,804.7,71
18,160,47,13.5,1211.2,116
58,181,86,10.5,867.7,55
25,155,98,13.5,2249.8,107
39,173,83,10.5,1239.7,84
31,182,85,10.5,1394.6,96
29,161,93,10.5,987.3,63
39,176,55,8.0,444.7,58
33,187,83,13.5,897.4,49
18,167,68,13.5,1633.3,105
36,188,90,13.5,386.3,19
36,162,63,8.0,732.8,85
19,189,48,10.5,715.7,88
28,179,70,13.5,1400.0,88
56,162,82,8.0,761.6,65
18,183,86,8.0,853.1,71
52,185,76,13.5,1244.8,72
30,179,83,10.5,1541.5,106
32,174,89,8.0,608.7,50
35,151,90,13.5,483.9,24
50,185,80,10.5,939.9,64
22,167,84,8.0,1345.8,113
29,154,81,8.0,1257.4,113
52,168,77,13.5,879.8,51
38,167,80,13.5,612.0,34
34,181,47,10.5,225.6,27
28,170,53,13.5,1057.7,89
46,159,52,13.5,393.3,33
56,186,77,10.5,1404.0,106
23,171,50,13.5,1293.3,116
48,162,85,10.5,1079.2,70
35,166,83,10.5,842.3,59
22,158,48,10.5,650.5,74
36,173,57,13.5,1017.2,82
43,163,93,10.5,1125.7,71
59,157,46,13.5,701.2,68
53,186,49,10.5,450.3,51
23,168,88,13.5,1965.1,97
21,177,71,10.5,613.0,51
27,179,76,8.0,286.6,28
31,156,65,8.0,987.5,109
19,175,52,8.0,746.9,106
21,189,82,10.5,1623.2,114
39,160,52,13.5,677.7,58
53,163,94,10.5,1926.2,116
25,170,47,10.5,778.0,97
31,157,98,10.5,928.0,56
19,152,88,10.5,228.7,15
45,177,47,13.5,374.9,37
22,178,66,10.5,903.3,78
33,172,50,8.0,300.4,42
42,167,46,8.0,110.2,18
37,184,67,8.0,490.0,55
24,162,88,10.5,1091.8,74
37,161,46,13.5,342.7,32
27,154,82,13.5,1361.1,77
54,188,61,13.5,1079.1,75
24,160,79,10.5,858.6,63
58,160,78,13.5,1052.2,61
40,180,67,8.0,471.2,53
51,180,74,13.5,1729.6,103
30,162,96,10.5,1626.7,96
30,163,52,10.5,181.9,20
26,174,66,13.5,1413.2,97
28,182,88,10.5,1018.2,67
54,182,80,13.5,1590.9,90
50,164,49,13.5,426.8,39
57,165,57,8.0,876.9,113
26,187,73,10.5,1026.9,79
33,155,75,8.0,193.1,19
33,174,91,10.5,1239.3,79
19,164,99,13.5,486.9,22
47,153,60,10.5,528.9,53
17,153,86,13.5,1102.1,57
28,179,74,10.5,1212.8,96
55,183,99,8.0,1138.6,87
20,176,60,8.0,164.2,19
58,180,56,13.5,222.8,18
29,181,61,8.0,896.2,107
50,188,60,13.5,209.1,15
58,158,56,13.5,1315.5,108
37,157,52,13.5,847.7,70
38,163,64,10.5,643.7,59
20,182,47,13.5,842.9,79
34,172,60,8.0,143.7,17
21,170,74,10.5,485.1,36
35,161,89,8.0,1070.2,86
18,151,67,13.5,1050.3,70
28,162,72,13.5,522.1,32
33,153,95,8.0,497.3,39
26,169,84,10.5,928.6,62
50,163,98,8.0,1287.0,98
22,179,49,13.5,499.0,45
24,178,64,10.5,500.1,44
27,157,84,13.5,1847.4,94
28,161,88,13.5,1576.1,80
25,187,45,8.0,607.7,95
18,175,74,13.5,386.3,24
24,151,65,8.0,738.0,85
27,189,64,10.5,819.6,73
52,163,50,13.5,1363.0,120
26,155,66,13.5,978.0,65
37,189,62,10.5,255.7,23
36,180,52,8.0,479.1,68
24,166,83,13.5,1436.7,76
52,174,76,10.5,1224.1,95
45,181,77,13.5,387.3,23
58,161,97,8.0,295.3,23
28,162,60,8.0,978.1,115
30,168,56,8.0,294.6,38
37,174,82,8.0,585.5,53
38,180,96,10.5,1503.6,89
37,186,78,13.5,380.5,22
46,174,58,10.5,409.2,39
55,165,80,8.0,887.8,80
36,187,77,8.0,243.6,24
40,172,67,8.0,369.3,38
39,163,94,8.0,1170.3,94
23,155,89,13.5,1980.5,97
25,174,46,8.0,461.6,73
17,172,85,13.5,839.1,45
42,161,65,8.0,228.8,25
54,162,46,13.5,199.3,20
54,185,71,13.5,1390.0,84
38,188,53,8.0,328.8,46
26,183,45,10.5,411.6,53
22,155,55,10.5,604.7,62
33,187,47,10.5,211.0,27
54,189,96,10.5,1223.1,73
40,157,67,10.5,987.2,81
26,157,70,8.0,690.1,70
24,189,48,8.0,361.1,55
37,182,62,8.0,610.0,70
22,183,99,8.0,700.4,49
37,164,50,8.0,348.4,52
55,185,79,8.0,1041.5,95
40,184,66,13.5,1170.9,81
49,171,87,13.5,972.9,48
34,172,59,8.0,750.8,90
44,189,66,8.0,959.3,102
48,171,81,13.5,1598.7,84
28,154,96,13.5,2522.6,120
58,180,86,8.0,284.0,25
43,162,56,13.5,505.8,41
26,177,91,10.5,977.4,62
58,169,93,10.5,626.2,38
48,182,86,10.5,495.9,32
58,165,82,13.5,745.1,41
42,178,62,8.0,581.7,68
41,172,89,8.0,873.8,69
27,173,79,8.0,1264.8,119
39,183,74,13.5,566.3,35
50,156,68,13.5,1126.9,73
56,187,86,10.5,717.8,48
39,186,74,13.5,1931.1,111
45,153,58,10.5,720.4,72
47,183,50,10.5,556.6,62
23,171,47,8.0,445.8,68
56,154,60,13.5,412.8,32
49,172,51,8.0,115.0,17
37,164,96,8.0,489.7,38
18,180,58,13.5,188.8,15
34,158,53,13.5,234.4,20
49,174,59,10.5,343.4,33
53,174,65,10.5,1149.1,100
50,170,79,10.5,794.9,57
36,158,46,10.5,170.3,22
51,187,71,8.0,823.4,83
34,171,46,8.0,416.2,66
40,172,79,13.5,1608.8,87
24,153,62,10.5,689.1,61
46,178,58,10.5,1031.8,99
26,164,64,10.5,480.0,42
39,150,62,8.0,494.8,60
27,179,54,13.5,209.6,18
18,178,69,8.0,1006.8,102
42,169,46,13.5,226.0,22
52,182,69,13.5,1158.7,75
49,185,98,8.0,434.9,31
29,171,77,8.0,517.5,48
56,162,80,13.5,592.4,34
41,156,75,8.0,947.1,94
20,157,58,8.0,671.2,88
58,177,45,13.5,496.2,48
35,158,90,13.5,1152.6,57
34,174,60,10.5,263.3,24
53,165,98,8.0,1495.5,108
46,159,90,13.5,855.6,44
35,160,96,8.0,500.4,39
39,180,47,8.0,461.7,71
32,161,79,13.5,1426.8,77
17,180,85,10.5,1725.4,119
28,163,50,13.5,987.4,85
40,181,69,13.5,929.2,61
50,166,57,8.0,754.9,98
24,184,97,10.5,1677.4,95
34,150,78,13.5,284.8,17
21,178,52,8.0,438.5,60
42,153,65,13.5,1646.9,118
46,172,78,8.0,555.7,50
29,177,48,13.5,446.2,40
35,165,69,10.5,301.2,24
45,161,59,13.5,617.2,48
19,170,48,8.0,587.9,92
42,166,89,13.5,440.7,22
56,189,56,10.5,660.8,69
28,162,76,10.5,1411.3,105
18,181,76,10.5,319.6,24
27,186,72,10.5,862.8,71
44,164,57,8.0,750.9,93
34,161,75,13.5,1999.6,115
29,164,58,10.5,1062.0,100
53,183,64,13.5,840.7,59
38,155,62,8.0,540.0,64
28,166,73,13.5,1241.7,78
18,169,50,13.5,1187.1,109
53,158,76,10.5,209.0,16
23,154,73,10.5,790.0,59
42,172,87,8.0,1258.3,109
42,182,46,13.5,767.7,76
40,187,67,8.0,248.8,28
28,163,63,8.0,749.6,88
32,166,75,8.0,1074.8,108
39,168,95,10.5,1896.8,114
56,182,49,10.5,1005.6,118
25,150,63,13.5,397.7,29
48,162,78,13.5,475.4,28
31,176,54,13.5,553.6,45
53,155,69,10.5,513.4,43
29,155,46,10.5,315.4,41
21,182,55,8.0,784.9,99
27,179,94,10.5,374.8,23
26,184,75,8.0,356.0,34
29,172,59,8.0,957.8,113
57,159,53,10.5,661.3,72
31,168,67,8.0,889.6,93
58,177,63,8.0,925.8,102
23,172,53,13.5,726.8,63
56,153,79,8.0,806.4,71
44,169,65,10.5,328.3,30
48,168,53,10.5,1033.6,114
51,176,72,8.0,913.8,89
31,183,90,13.5,463.4,22
52,153,95,10.5,1371.4,81
37,187,51,10.5,282.9,33
22,156,60,13.5,1610.2,119
17,156,60,8.0,677.2,81
20,175,77,10.5,659.1,50
27,175,48,8.0,717.5,103
42,168,48,8.0,483.3,74
53,158,83,8.0,557.4,50
39,169,84,8.0,279.2,25
45,165,61,10.5,685.4,65
37,166,81,13.5,1746.1,94
43,171,83,10.5,975.3,69
55,162,96,13.5,1508.4,68
56,161,73,8.0,301.6,31
29,159,96,13.5,1631.8,76
39,150,80,8.0,632.3,56
32,181,82,10.5,525.4,38
46,179,83,10.5,454.7,31
20,157,94,13.5,1350.5,62
56,170,81,8.0,1108.6,98
32,171,96,8.0,1329.5,100
47,167,79,13.5,1543.6,84
58,151,51,8.0,155.3,21
41,158,71,8.0,266.2,28
28,152,72,8.0,253.8,25
42,175,66,10.5,287.7,26
53,170,58,10.5,184.0,19
49,179,51,10.5,165.9,19
44,177,81,8.0,398.9,34
25,185,66,10.5,789.5,68
28,175,49,8.0,456.9,69
21,183,99,8.0,949.8,72
44,157,46,13.5,1003.0,93
51,159,71,8.0,1007.4,104
21,163,65,10.5,1238.2,111
50,189,98,10.5,781.6,44
50,164,82,8.0,435.5,38
29,166,59,10.5,1008.3,101
55,167,65,8.0,776.1,87
58,181,54,13.5,215.4,17
30,187,67,8.0,1099.0,114
27,172,83,8.0,681.3,62
58,172,49,13.5,915.4,85
54,184,45,10.5,273.7,36
20,188,57,13.5,360.3,28
49,164,65,13.5,929.4,62
23,173,70,8.0,407.9,43
57,177,94,8.0,853.7,64
24,165,89,13.5,1914.1,94
53,165,65,10.5,1303.1,112
26,189,97,13.5,547.3,24
59,188,62,10.5,915.3,85
31,155,81,13.5,1847.6,103
54,151,89,13.5,836.1,41
31,162,76,10.5,1274.9,93
21,158,80,13.5,1918.9,110
45,183,61,8.0,366.7,42
35,166,79,13.5,390.7,23
26,176,93,8.0,1039.5,85
28,178,55,10.5,873.8,94
20,186,65,10.5,476.8,40
47,171,96,8.0,1504.2,113
34,173,99,13.5,2020.2,95
32,156,97,8.0,1422.6,101
56,183,70,8.0,218.3,22
52,161,48,10.5,138.9,16
41,172,78,8.0,1142.3,109
39,164,96,13.5,1473.1,71
28,182,92,8.0,841.2,66
50,162,62,10.5,802.5,72
52,172,84,13.5,2107.6,110
53,187,79,10.5,1498.7,107
19,181,85,8.0,205.0,17
25,184,73,8.0,216.1,22
34,150,96,10.5,1246.2,73
59,154,73,10.5,202.2,16
51,162,82,13.5,1924.5,109
50,154,86,10.5,1109.7,76
57,181,65,10.5,737.7,63
30,170,86,8.0,1422.3,115
20,173,57,8.0,262.3,34
45,167,93,10.5,678.2,43
57,170,85,10.5,439.3,31
31,159,61,8.0,775.8,88
44,173,53,13.5,1445.2,119
58,189,85,13.5,720.0,36
32,170,45,13.5,209.9,20
28,174,46,13.5,774.1,76
21,172,92,8.0,1370.2,112
50,171,73,10.5,574.8,45
58,153,77,13.5,1254.4,76
17,183,54,8.0,187.4,26
55,155,94,10.5,416.3,26
48,177,84,13.5,1479.4,77
42,180,65,10.5,341.6,30
33,184,72,13.5,619.3,39
43,188,55,10.5,348.7,36
40,172,99,13.5,2251.2,105
51,155,78,13.5,1835.9,102
58,165,52,10.5,836.4,90
55,151,66,10.5,359.1,32
42,173,52,10.5,542.6,59
54,166,93,8.0,1209.7,94
39,150,59,8.0,639.9,82
38,155,61,10.5,271.4,26
20,154,67,8.0,613.1,63
25,178,68,13.5,690.3,47
20,161,89,10.5,1558.5,100
23,188,63,8.0,694.5,77
39,152,49,10.5,268.9,32
18,150,76,13.5,1135.0,68
40,176,88,13.5,2283.7,111
56,173,45,8.0,250.2,41
47,168,67,13.5,1836.4,120
47,157,81,10.5,1408.0,97
56,151,52,8.0,680.9,92
59,179,57,10.5,408.3,39
50,179,52,10.5,450.0,48
40,188,67,10.5,1214.7,102
42,181,87,13.5,2360.5,116
32,150,45,10.5,606.4,74
29,187,89,13.5,1426.1,68
31,162,95,10.5,1725.5,101
43,160,68,13.5,281.8,19
20,159,79,13.5,907.4,50
32,175,68,13.5,996.2,68
46,169,61,10.5,1069.0,102
46,166,49,10.5,412.3,50
52,166,64,13.5,1249.0,83
19,153,65,10.5,593.2,53
38,154,84,13.5,1621.5,84
38,172,75,10.5,1506.9,114
28,159,90,13.5,350.2,18
37,177,80,13.5,1593.7,88
20,182,55,8.0,610.7,79
47,175,96,10.5,1726.7,99
47,178,59,10.5,533.6,54
39,176,63,8.0,998.8,117
36,167,51,13.5,596.5,51
31,189,95,13.5,1650.8,81
39,159,72,8.0,434.9,45
44,154,95,8.0,1341.1,105
32,159,87,13.5,1891.1,95
53,170,49,10.5,847.5,101
37,173,49,8.0,623.0,91
31,187,74,8.0,653.5,61
33,152,98,8.0,572.1,41
53,189,76,8.0,671.9,65
29,180,52,8.0,243.9,34
35,186,54,8.0,195.7,27
46,151,82,13.5,1351.9,77
34,151,91,13.5,1162.6,58
30,188,76,8.0,394.3,38
52,183,92,13.5,2479.2,119
52,169,72,10.5,223.7,17
36,182,61,10.5,267.7,24
35,153,75,8.0,784.4,79
23,160,52,10.5,579.9,63
20,154,84,10.5,1010.0,72
50,174,69,13.5,1433.7,91
18,186,53,13.5,1055.2,92
21,183,46,13.5,1200.1,111
26,158,59,13.5,220.1,16
48,155,94,10.5,1253.1,80
58,167,47,8.0,782.2,117
57,163,93,13.5,2523.9,119
29,168,80,10.5,629.7,45
55,163,48,13.5,894.7,82
21,189,58,10.5,1157.1,112
26,166,85,13.5,1926.4,97
26,184,85,8.0,615.7,51
54,178,69,13.5,1360.9,87
43,166,99,8.0,537.3,38
37,157,94,13.5,2018.4,91
24,150,54,13.5,690.6,58
17,185,65,13.5,1519.2,108
44,156,80,10.5,1389.4,97
55,154,56,10.5,564.8,55
30,173,71,8.0,831.2,88
37,177,84,8.0,750.1,65
46,166,46,10.5,431.1,56
37,186,98,8.0,1281.7,92
25,169,57,8.0,444.9,54
33,152,97,10.5,1052.3,62
21,186,76,10.5,1291.6,98
47,175,75,10.5,245.9,18
56,164,60,10.5,1173.3,116
54,157,76,13.5,1315.0,74
59,162,76,10.5,697.3,53
35,152,78,8.0,206.2,19
52,150,55,13.5,1489.2,120
49,158,54,13.5,1352.0,110
29,180,59,8.0,170.5,20
30,175,61,13.5,401.6,28
49,166,84,8.0,1008.4,84
45,183,62,13.5,1243.8,92
59,158,99,13.5,569.5,26
52,162,53,8.0,556.5,76
26,154,69,8.0,407.2,41
47,162,84,8.0,791.8,68
22,150,58,8.0,874.3,104
17,174,69,10.5,329.1,26
23,153,94,10.5,365.5,22
43,185,66,8.0,833.8,88
37,159,96,10.5,529.2,30
44,177,74,8.0,699.2,66
32,155,64,8.0,359.7,40
39,176,65,13.5,332.9,22
36,161,88,8.0,1388.2,119
54,152,76,8.0,628.6,59
41,182,95,8.0,1366.3,107
44,159,90,8.0,1173.3,98
21,180,93,13.5,2066.0,95
37,164,65,8.0,300.9,33
34,156,79,13.5,536.9,31
22,185,76,8.0,1216.1,117
45,163,74,13.5,1377.6,79
35,163,99,10.5,772.0,43
49,152,83,13.5,497.6,28
17,152,93,13.5,679.8,31
19,171,56,8.0,206.4,27
58,168,85,13.5,2086.4,107
37,184,91,13.5,2342.0,112
51,161,62,8.0,937.6,105
57,154,65,10.5,909.6,77
56,159,57,10.5,458.6,47
19,182,65,10.5,496.1,43
41,162,52,13.5,590.4,51
54,184,90,8.0,1460.4,117
36,181,84,10.5,1433.7,97
50,160,90,10.5,935.2,60
37,187,51,10.5,337.9,38
39,173,67,10.5,318.7,28
22,184,88,8.0,1415.0,115
29,168,76,10.5,259.2,19
39,155,55,13.5,823.3,67
25,189,66,13.5,1587.1,102
33,184,66,8.0,977.3,112
18,153,87,10.5,1674.3,109
35,182,69,10.5,535.7,44
35,162,66,13.5,1047.9,74
23,185,72,8.0,842.7,87
58,168,73,13.5,1794.6,105
58,161,57,8.0,332.6,42
36,160,62,8.0,1022.7,120
25,155,46,8.0,252.4,40
33,161,73,13.5,546.0,32
43,176,65,8.0,443.6,50
18,174,59,13.5,302.5,22
52,152,96,13.5,678.0,32
35,152,71,10.5,1221.5,98
33,169,94,13.5,1468.6,72
21,177,75,13.5,801.5,46
55,172,59,10.5,1130.8,107
34,152,95,10.5,1050.5,63
23,173,67,10.5,692.5,62
33,189,68,8.0,901.3,96
55,155,88,8.0,1006.3,85
52,169,57,10.5,781.2,79
56,160,66,8.0,1002.3,106
20,181,87,10.5,734.9,47
54,176,81,8.0,698.6,64
41,170,77,13.5,327.0,18
21,162,47,8.0,662.9,98
46,171,98,8.0,679.8,50
28,184,63,13.5,1549.7,109
20,171,67,10.5,1414.7,116
40,177,73,8.0,429.9,42
45,170,74,8.0,174.7,17
25,167,83,13.5,382.8,20
20,180,88,13.5,1137.3,59
40,186,91,13.5,786.2,37
30,170,69,13.5,327.0,21
21,163,81,10.5,1074.1,75
34,174,91,8.0,1376.2,114
58,176,52,8.0,557.4,79
35,189,86,8.0,236.2,20
28,172,60,8.0,312.7,38
34,180,52,10.5,477.0,51
33,178,45,8.0,359.3,59
46,179,88,10.5,969.2,65
40,175,49,10.5,985.6,114
27,169,47,13.5,1091.1,102
51,187,45,13.5,1130.1,116
39,168,48,8.0,372.3,59
33,176,84,10.5,1179.2,77
17,174,79,13.5,732.2,43
31,189,76,10.5,1590.4,115
48,187,86,13.5,2107.0,110
25,172,78,10.5,540.5,39
31,178,87,8.0,279.8,24
44,164,69,8.0,482.9,49
40,152,54,10.5,631.2,69
51,159,65,13.5,563.9,39
38,164,90,13.5,2070.5,105
43,165,83,8.0,700.3,59
35,166,71,8.0,1119.1,110
28,168,71,8.0,252.1,26
36,160,46,13.5,182.7,18
17,154,85,13.5,2357.8,120
37,154,92,8.0,1373.7,104
17,163,57,10.5,818.0,81
26,175,53,13.5,385.5,31
48,157,96,8.0,1141.8,87
55,154,80,10.5,1445.9,107
38,156,66,13.5,1135.6,79
34,165,86,10.5,1469.3,96
48,163,70,10.5,1444.3,119
43,186,98,13.5,1426.6,67
44,153,56,8.0,743.4,98
34,185,61,10.5,760.2,71
55,166,58,8.0,918.6,119
45,185,58,13.5,1389.0,112
34,155,78,10.5,597.2,42
24,165,97,10.5,1880.7,113
47,178,64,10.5,326.6,30
50,185,55,10.5,343.6,35
23,187,60,10.5,989.3,91
52,186,95,13.5,2447.3,113
34,159,75,10.5,717.0,56
54,185,99,13.5,1569.5,68
25,178,50,8.0,318.5,46
25,163,63,13.5,728.3,52
24,153,81,10.5,1203.2,84
51,185,48,8.0,785.7,116
34,162,91,13.5,1074.7,52
21,167,48,13.5,765.3,68
30,182,64,13.5,1079.2,74
44,170,54,10.5,892.5,91
46,165,68,10.5,1404.4,117
20,164,98,13.5,1972.4,91
55,154,79,13.5,1087.8,61
36,155,70,8.0,241.4,26
41,187,81,10.5,924.1,67
44,152,82,10.5,692.4,47
28,161,65,8.0,383.7,42
18,185,98,13.5,362.3,17
59,182,84,13.5,1803.2,96
30,185,83,8.0,442.8,40
38,182,65,13.5,1029.9,68
47,180,54,13.5,630.5,54
39,170,82,8.0,921.5,80
36,176,90,8.0,1031.8,82
54,176,48,8.0,701.9,106
20,157,89,13.5,2075.6,106
31,186,64,8.0,903.1,103
40,181,61,13.5,1471.1,104
41,175,99,10.5,1084.5,61
17,151,51,10.5,146.2,16
23,161,48,8.0,381.1,56
47,171,73,13.5,760.3,48
28,166,58,13.5,1352.9,108
58,156,47,13.5,383.5,35
21,153,68,8.0,1118.2,115
58,186,81,13.5,1076.2,58
54,187,60,13.5,1377.9,101
28,181,99,13.5,2439.6,111
55,160,96,10.5,261.4,16
34,150,48,13.5,1153.0,105
18,174,68,10.5,904.6,73
26,173,78,13.5,1743.9,100
31,166,74,13.5,1828.1,112
46,157,62,13.5,408.9,30
33,176,63,10.5,357.0,34
20,167,75,13.5,676.4,40
23,176,63,8.0,274.2,30
57,171,93,13.5,1813.1,84
47,165,90,10.5,605.9,37
55,151,63,10.5,624.9,56
50,154,66,8.0,464.8,51
22,167,68,8.0,848.6,86
54,152,89,8.0,244.9,20
50,176,56,10.5,520.6,51
31,166,74,13.5,615.1,36
30,165,82,13.5,362.8,20
22,155,97,8.0,617.4,46
53,156,75,8.0,317.9,31
48,163,80,13.5,902.0,52
19,187,63,8.0,266.3,31
19,189,92,13.5,1096.8,51
38,164,89,13.5,759.6,37
38,182,80,13.5,1108.8,63
26,176,74,13.5,1232.3,75
19,178,99,10.5,1104.2,63
28,186,93,13.5,1556.2,75
45,154,99,8.0,1246.6,91
33,178,77,8.0,499.7,46
23,181,62,8.0,854.9,100
29,155,96,8.0,991.0,77
18,151,93,10.5,342.5,21
20,155,72,13.5,574.8,36
26,153,91,13.5,1984.6,99
55,178,55,8.0,149.6,20
40,174,98,8.0,1010.5,75
33,158,89,8.0,358.1,28
22,152,77,13.5,531.9,30
35,175,61,10.5,184.5,17
21,176,50,10.5,200.7,23
48,185,48,10.5,486.9,61
26,181,64,10.5,1091.1,99
25,150,92,8.0,1417.5,108
43,165,91,13.5,2186.6,108
29,160,71,8.0,553.5,56
35,175,59,10.5,561.1,56
37,189,50,8.0,792.5,110
40,150,91,10.5,614.2,37
54,175,58,13.5,214.0,17
20,177,55,10.5,147.6,15
40,158,83,8.0,890.5,81
51,171,53,13.5,1384.9,115
19,157,70,10.5,1007.8,85
20,176,60,10.5,172.2,17
53,188,49,13.5,1194.5,114
56,168,96,8.0,873.5,63
51,174,54,13.5,1016.6,81
47,187,94,8.0,859.3,69
41,170,47,10.5,149.5,18
56,173,57,10.5,436.9,45
29,173,87,13.5,1529.0,80
20,168,93,10.5,1553.3,92
30,151,74,13.5,1840.9,115
29,163,98,10.5,1351.3,78
43,181,89,10.5,694.0,45
22,181,50,8.0,516.1,77
33,177,61,13.5,1092.7,80
52,188,89,13.5,940.8,45
56,189,95,10.5,1042.7,61
51,189,97,8.0,465.3,36
33,162,63,8.0,793.7,88
57,161,86,13.5,2181.2,108
18,157,79,13.5,1929.0,111
29,164,90,10.5,1502.3,97
18,175,70,13.5,909.7,60
44,161,95,10.5,1685.8,103
59,176,49,8.0,496.5,72
42,167,73,13.5,1203.8,75
38,185,81,8.0,639.1,60
59,176,64,8.0,130.7,15
19,158,93,10.5,1781.9,110
51,188,65,8.0,353.0,39
28,150,54,10.5,721.8,75
40,156,49,10.5,975.7,119
21,175,80,8.0,1048.2,95
36,156,50,8.0,189.1,28
55,156,70,10.5,755.1,59
55,157,48,10.5,753.7,91
29,165,83,8.0,1278.6,116
57,152,83,10.5,734.5,53
28,159,94,10.5,1285.1,80
29,156,79,13.5,791.4,46
26,170,45,13.5,1130.4,110
49,186,68,13.5,1139.8,72
56,180,80,13.5,2084.2,118
32,172,50,13.5,793.6,70
51,176,85,10.5,304.4,20
19,171,98,10.5,1748.5,103
21,188,90,13.5,1569.1,81
42,176,88,8.0,1137.0,96
27,153,75,13.5,1121.4,64
23,173,64,8.0,475.3,52
26,172,68,10.5,193.9,17
58,168,69,8.0,176.3,19
50,152,80,10.5,546.3,38
19,176,65,8.0,610.6,68
24,152,74,10.5,637.8,48
47,177,68,10.5,612.5,53
27,166,88,13.5,2111.0,102
23,180,86,10.5,1764.4,114
18,159,74,13.5,1711.5,106
22,171,66,13.5,926.1,62
57,179,72,13.5,981.1,63
48,170,51,8.0,333.9,48
36,185,79,8.0,1043.7,94
50,172,99,10.5,1941.5,114
32,187,72,13.5,345.5,21
41,161,58,13.5,406.9,32
28,174,54,10.5,811.4,84
23,169,60,13.5,1410.9,106
55,156,60,10.5,1264.2,117
33,178,98,13.5,1019.9,48
27,178,75,8.0,665.1,65
22,162,86,10.5,1784.5,119
39,152,69,10.5,1282.2,107
43,151,57,8.0,642.2,82
22,165,50,10.5,243.6,28
54,179,88,8.0,1059.8,83
18,187,53,13.5,1190.6,103
38,155,89,8.0,1479.2,117
36,156,80,8.0,244.7,22
41,154,87,10.5,437.7,29
31,156,64,13.5,1415.5,97
45,183,62,8.0,648.2,73
24,181,87,13.5,487.7,25
53,162,65,8.0,316.9,34
49,179,48,10.5,556.1,69
38,174,94,8.0,660.1,50
21,170,77,8.0,1005.5,96
55,170,71,13.5,442.2,28
34,177,51,8.0,511.6,72
54,169,50,10.5,454.1,52
53,183,59,10.5,1050.9,103
46,154,62,8.0,790.8,94
47,167,76,8.0,1021.2,96
26,188,55,13.5,185.7,15
31,160,64,13.5,1669.2,118
58,166,68,10.5,912.4,79
34,171,59,13.5,204.6,15
39,186,92,8.0,1297.7,99
49,169,51,10.5,641.5,74
32,155,65,13.5,556.8,39
54,183,86,10.5,1539.0,105
51,163,70,8.0,241.3,24
50,172,88,13.5,1301.9,64
44,169,58,8.0,199.7,26
18,162,81,8.0,1227.2,106
46,181,65,10.5,499.0,46
29,175,62,10.5,497.4,47
57,163,49,10.5,768.3,86
32,185,47,13.5,1315.2,120
21,157,67,13.5,620.0,40
44,189,70,10.5,683.1,56
55,171,81,13.5,1145.6,64
36,171,68,13.5,1191.3,75
40,165,93,10.5,909.2,55
43,176,63,8.0,606.1,71
46,159,95,13.5,340.7,16
43,174,69,13.5,1821.3,113
42,180,65,8.0,1047.7,112
23,170,56,8.0,661.1,84
58,176,85,8.0,541.4,45
54,166,77,10.5,475.6,37
21,182,94,8.0,1182.5,90
39,180,97,10.5,1176.1,68
44,175,48,8.0,265.5,42
50,170,86,8.0,1144.4,93
31,185,51,10.5,307.1,33
48,150,66,10.5,1012.3,90
42,153,99,8.0,878.5,62
47,153,77,8.0,173.2,16
35,175,61,8.0,212.7,25
25,153,68,13.5,917.8,58
45,158,78,8.0,1214.2,115
55,179,72,10.5,946.6,73
20,153,87,13.5,1402.5,73
19,154,85,10.5,795.7,52
45,172,83,13.5,724.8,39
27,165,66,13.5,499.8,35
49,171,93,10.5,900.6,56
54,186,61,13.5,668.0,50
27,157,78,10.5,301.4,23
43,182,50,8.0,172.8,26
49,187,90,13.5,499.6,24
37,165,50,10.5,663.1,73
55,154,78,13.5,347.7,19
47,165,45,10.5,383.2,47
54,156,54,8.0,640.5,83
18,150,65,8.0,808.8,94
43,158,49,13.5,873.6,77
52,167,46,13.5,1224.0,115
27,152,66,10.5,1279.3,115
34,173,92,10.5,703.5,43
17,177,46,13.5,329.6,32
51,159,54,10.5,1051.6,107
51,158,78,10.5,278.3,20
47,162,60,10.5,735.2,67
44,184,92,13.5,1908.7,96
55,172,95,8.0,576.7,46
17,166,83,8.0,673.4,56
41,156,66,10.5,675.0,61
59,165,56,13.5,560.5,45
54,189,68,10.5,918.0,76
36,185,91,8.0,914.7,70
19,169,84,10.5,358.5,25
18,173,82,8.0,432.4,40
34,154,54,13.5,1290.6,106
26,155,79,10.5,565.2,41
21,177,95,13.5,2033.3,97
25,154,93,10.5,1198.7,71
18,188,76,10.5,558.9,41
50,187,51,10.5,674.9,73
54,151,65,10.5,835.3,76
47,188,64,10.5,388.1,34
26,170,70,13.5,280.5,17
28,189,48,13.5,327.6,30
52,186,90,8.0,1408.8,117
37,167,96,10.5,1022.7,58
22,161,66,8.0,979.7,107
19,166,59,13.5,1276.6,93
26,186,84,8.0,493.4,44
21,187,65,13.5,802.9,54
42,164,59,10.5,849.3,79
37,156,66,8.0,393.8,43
42,163,96,8.0,572.0,44
54,150,72,8.0,1131.5,118
42,187,58,8.0,361.5,46
24,152,71,10.5,293.9,24
21,186,85,13.5,2050.3,105
31,180,84,13.5,1189.0,65
32,162,72,10.5,266.3,22
17,167,70,13.5,1012.2,65
32,166,93,8.0,640.6,50
53,166,46,10.5,978.4,120
19,160,69,13.5,1093.5,69
47,169,47,10.5,418.7,49
29,159,52,10.5,445.4,50
32,178,88,13.5,1390.0,70
59,183,77,13.5,854.6,50
37,166,86,10.5,1472.9,103
18,162,96,10.5,1659.5,98
43,188,79,13.5,1375.2,75
54,176,50,10.5,634.2,76
42,175,83,13.5,1686.0,95
54,177,96,10.5,1735.5,101
41,162,67,10.5,465.7,39
27,161,69,10.5,933.0,78
24,177,94,13.5,1590.4,74
24,151,87,8.0,893.2,71
49,186,63,13.5,1506.1,109
23,183,49,10.5,702.0,84
54,172,95,8.0,1438.4,113
37,178,55,8.0,513.4,66
24,184,56,10.5,675.9,70
37,160,54,13.5,981.3,77
36,182,52,8.0,602.5,82
24,160,68,8.0,1095.3,118
47,158,72,13.5,531.5,34
45,163,85,13.5,2296.8,119
25,158,80,8.0,737.1,68
31,188,81,13.5,284.5,15
46,152,65,8.0,929.7,104
42,178,52,10.5,998.1,112
26,168,99,13.5,539.3,24
45,185,53,8.0,261.4,37
32,181,91,13.5,1339.1,65
52,156,59,13.5,482.1,38
36,177,92,8.0,347.3,27
53,167,90,10.5,679.3,43
38,154,84,8.0,838.4,72
23,172,62,13.5,1491.7,105
39,171,86,8.0,1237.7,109
57,175,64,13.5,817.5,57
56,161,50,8.0,165.1,24
45,189,56,10.5,439.2,45
32,168,46,10.5,987.0,117
54,150,51,10.5,757.1,88
44,152,60,10.5,1091.4,102
54,176,47,8.0,714.6,111
47,167,89,10.5,436.6,28
30,179,47,8.0,754.0,113
49,151,71,13.5,740.5,48
25,154,94,13.5,672.9,31
43,178,87,13.5,655.7,35
40,182,84,10.5,1614.3,110
29,169,82,10.5,1190.5,81
42,179,77,10.5,940.4,72
45,154,72,13.5,1547.4,93
59,170,45,13.5,215.3,22
44,164,99,13.5,2523.6,110
44,169,52,13.5,606.5,52
24,157,81,8.0,456.5,40
39,180,76,8.0,854.3,78
45,161,92,10.5,701.9,44
21,170,87,10.5,340.8,23
58,179,81,13.5,869.1,46
23,176,48,8.0,160.4,25
58,175,74,8.0,1037.1,100
52,182,50,10.5,437.8,48
57,175,90,8.0,1507.4,119
43,175,98,10.5,532.1,32
18,185,63,13.5,451.5,33
41,189,76,13.5,1134.0,68
25,150,53,10.5,880.7,96
43,164,56,13.5,620.7,51
17,150,55,13.5,1223.4,96
39,160,90,8.0,319.1,26
26,151,99,8.0,257.3,18
58,150,60,8.0,489.3,57
41,180,45,8.0,265.7,41
19,165,89,8.0,783.8,65
22,171,99,10.5,331.6,19
22,167,97,10.5,333.4,20
18,166,65,8.0,798.4,91
34,179,74,13.5,1699.7,101
39,159,57,13.5,1587.9,120
18,184,78,10.5,916.7,70
28,170,48,10.5,845.8,103
38,165,72,10.5,1002.7,82
53,155,82,13.5,2090.1,110
36,152,75,10.5,794.2,58
55,170,99,13.5,618.8,29
40,162,71,10.5,1276.6,104
36,167,49,13.5,643.0,56
17,173,69,10.5,297.2,25
17,176,47,10.5,730.8,87
33,153,77,13.5,415.8,25
17,171,48,10.5,668.3,80
46,173,69,8.0,391.5,41
57,189,64,13.5,1063.5,72
19,159,78,10.5,1389.6,104
27,151,70,13.5,1322.6,86
40,189,49,10.5,294.2,35
38,155,79,8.0,384.6,35
42,167,72,10.5,1124.3,86
29,166,73,10.5,198.0,15
17,187,53,8.0,812.9,116
40,172,96,13.5,1614.1,72
26,179,82,10.5,371.8,27
51,170,94,10.5,1419.0,87
40,159,50,8.0,752.6,106
44,162,63,13.5,271.6,20
52,161,88,13.5,1907.9,101
32,158,55,8.0,852.6,114
56,153,46,8.0,468.7,72
32,188,91,10.5,494.7,31
33,173,88,8.0,1050.3,87
31,183,88,8.0,326.4,26
32,188,53,8.0,752.7,100
31,154,65,13.5,992.9,66
50,164,68,8.0,843.2,90
27,153,78,10.5,1091.5,84
17,188,66,10.5,971.9,87
31,157,47,10.5,555.9,66
42,173,56,8.0,405.1,51
20,177,72,13.5,288.4,17
59,176,74,8.0,1111.0,112
21,150,70,8.0,205.0,22
51,183,92,10.5,372.4,24
29,166,65,8.0,531.2,61
26,186,72,13.5,893.5,55
27,187,70,10.5,1000.9,78
34,175,77,13.5,978.9,56
50,173,65,13.5,835.5,57
55,188,79,13.5,415.9,23
57,170,96,8.0,356.0,28
58,179,78,8.0,1280.0,115
39,162,85,8.0,1252.8,105
23,186,95,8.0,1512.4,119
55,152,91,10.5,1774.6,110
19,181,62,8.0,155.9,18
28,184,55,10.5,147.3,16
23,168,67,13.5,1634.3,111
42,163,92,10.5,1576.5,99
49,171,66,8.0,133.5,15
53,166,61,10.5,925.7,89
31,153,49,8.0,539.4,79
18,189,88,8.0,728.3,60
57,168,55,10.5,714.4,73
23,186,74,10.5,1205.2,89
48,151,59,13.5,283.3,21
20,164,71,13.5,1288.5,80
36,151,79,13.5,533.4,29
52,160,77,13.5,1509.6,86
48,172,64,13.5,849.0,61
44,159,60,10.5,1071.8,104
29,152,78,13.5,969.8,54
17,154,46,10.5,461.5,56
51,152,79,13.5,1211.6,65
46,187,84,8.0,576.6,49
52,162,72,13.5,2004.8,119
41,168,91,8.0,661.5,55
32,189,83,10.5,1447.5,99
35,184,50,13.5,832.3,71
17,173,53,10.5,472.0,52
21,173,64,13.5,1195.7,86
38,166,45,10.5,853.3,110
40,189,52,13.5,264.9,22
59,159,99,13.5,1878.8,88
53,151,67,8.0,720.8,77
52,172,47,10.5,800.5,101
52,155,48,10.5,150.2,18
20,151,69,10.5,783.5,62
52,170,91,10.5,1019.0,66
34,184,82,10.5,711.4,52
32,178,59,8.0,875.0,108
57,156,65,13.5,1753.9,119
34,178,79,8.0,1081.4,101
38,186,97,10.5,323.9,19
18,172,97,10.5,1756.7,99
37,182,90,13.5,1669.0,84
52,157,96,8.0,1237.6,95
55,161,58,13.5,1341.8,103
55,159,80,13.5,685.0,38
45,164,56,8.0,736.0,100
42,173,61,13.5,1263.4,91
37,175,83,8.0,373.6,31
33,188,53,8.0,660.5,92
32,152,79,10.5,1568.7,112
47,151,57,13.5,1267.7,104
25,155,59,10.5,1012.0,97
47,170,62,13.5,555.0,40
30,158,95,13.5,364.5,17
53,159,77,10.5,216.5,16
18,185,50,10.5,897.5,106
30,152,71,10.5,204.2,16
49,173,67,8.0,335.5,36
51,171,71,13.5,1326.7,85
55,163,78,8.0,202.7,18
36,176,90,13.5,1001.7,52
18,182,82,13.5,2207.4,117
57,171,58,8.0,776.9,98
35,178,80,8.0,931.7,84
53,168,97,13.5,1859.2,87
34,168,52,10.5,589.9,66
32,155,79,10.5,592.0,45
20,168,63,10.5,451.1,40
28,162,74,10.5,661.1,50
45,175,58,13.5,530.1,40
23,171,64,10.5,488.2,42
30,170,93,10.5,321.6,19
28,185,69,10.5,1068.6,88
51,151,84,13.5,616.0,32
21,179,68,8.0,259.5,29
33,176,58,10.5,745.6,71
58,156,70,13.5,1803.6,111
48,169,82,13.5,333.7,19
26,180,67,10.5,600.5,51
59,172,66,8.0,1121.2,118
33,162,92,8.0,1232.1,100
21,166,63,8.0,858.7,100
58,153,90,13.5,716.7,36
25,163,95,10.5,1081.4,66
49,169,47,10.5,227.6,29
52,162,86,13.5,586.6,31
52,152,63,10.5,701.9,65
34,175,53,10.5,567.2,59
25,175,72,8.0,755.6,77
45,167,64,10.5,467.9,42
30,181,89,10.5,1123.4,73
41,163,51,13.5,1104.0,100
31,152,58,13.5,479.1,35
22,150,53,8.0,424.0,56
58,175,99,13.5,2124.8,95
45,173,63,8.0,721.6,83
31,184,91,8.0,1226.5,96
45,163,96,10.5,511.8,31
20,152,58,8.0,628.3,82
34,162,82,10.5,298.5,21
55,163,97,8.0,1449.0,103
32,170,80,13.5,2004.2,115
27,175,84,13.5,1023.4,54
30,152,61,13.5,704.7,54
19,189,74,8.0,561.4,57
58,153,53,8.0,643.4,87
54,185,77,10.5,1280.6,97
58,150,96,10.5,1136.3,65
34,189,69,10.5,1040.7,87
36,182,58,10.5,364.6,37
41,156,55,8.0,833.1,109
54,160,97,8.0,635.5,46
29,176,79,10.5,592.2,45
20,163,85,8.0,364.7,31
30,171,58,8.0,964.4,117
49,165,74,8.0,707.8,72
44,161,85,8.0,1223.2,100
53,159,48,10.5,401.9,49
24,173,48,10.5,357.4,44
50,167,72,8.0,783.8,78
21,171,52,13.5,758.4,67
21,158,46,10.5,532.7,65
47,166,85,10.5,1753.5,118
25,187,90,13.5,992.5,51
58,189,66,10.5,1250.7,104
48,162,85,13.5,389.1,20
49,186,99,13.5,1074.1,48
19,155,60,8.0,573.7,70
46,170,73,10.5,1353.9,110
28,185,93,13.5,833.0,39
45,156,92,8.0,354.4,27
19,185,74,10.5,959.8,77
42,174,56,8.0,898.1,116
46,160,79,8.0,1265.8,116
25,163,55,13.5,975.1,80
42,178,90,10.5,307.9,19
18,159,94,8.0,1111.0,89
19,154,65,13.5,354.8,25
20,157,65,13.5,1417.4,102
41,154,49,8.0,615.7,92
29,173,92,8.0,1345.8,108
55,189,64,13.5,1761.6,118
51,175,81,8.0,665.9,58
39,155,47,8.0,704.2,113
25,165,88,10.5,1561.3,99
18,185,77,13.5,1463.2,83
57,161,97,8.0,1522.6,116
47,160,53,13.5,181.6,16
18,152,53,10.5,481.6,54
48,186,48,13.5,537.0,51
34,155,79,13.5,1155.3,63
29,168,61,13.5,1531.9,112
21,167,78,10.5,1265.7,89
58,165,68,10.5,612.2,50
26,172,76,13.5,1489.5,89
59,186,45,13.5,911.3,87
41,158,52,10.5,735.1,84
50,152,89,8.0,563.5,48
53,157,67,10.5,853.4,72
46,187,91,13.5,1027.7,51
23,153,84,8.0,1256.4,110
22,161,56,8.0,584.0,74
19,180,98,8.0,364.8,26
29,174,56,10.5,442.8,46
19,165,90,10.5,1470.1,95
42,163,91,10.5,287.6,18
40,162,59,10.5,1258.0,120
22,156,85,13.5,872.2,47
59,161,63,8.0,517.3,57
58,186,70,13.5,367.8,23
28,153,96,10.5,1905.2,112
52,151,73,10.5,1555.1,117
18,184,66,13.5,1004.6,65
27,152,84,8.0,1209.2,108
55,153,65,8.0,294.9,34
50,187,95,10.5,904.2,53
42,161,82,10.5,555.2,37
34,168,64,10.5,626.3,55
37,159,73,10.5,734.4,58
52,150,95,8.0,655.8,49
56,166,48,13.5,388.8,37
38,165,99,8.0,1035.1,72
46,158,51,13.5,706.5,62
59,158,72,10.5,1537.8,117
46,158,72,10.5,1263.8,101
24,161,48,13.5,810.9,72
50,164,66,10.5,1306.4,115
25,151,56,8.0,564.3,71
36,160,89,10.5,1644.0,101
56,160,47,10.5,442.3,53
41,157,66,10.5,493.7,42
35,181,88,10.5,1153.5,78
21,155,46,8.0,482.4,76
27,169,68,13.5,1541.5,97
31,188,78,10.5,1010.5,76
24,184,71,10.5,1380.6,108
35,157,99,8.0,1379.6,99
39,183,85,8.0,1166.1,102
43,168,45,8.0,602.9,99
56,156,52,10.5,361.4,40
48,180,67,13.5,943.1,65
42,167,82,8.0,756.0,64
43,189,50,8.0,354.1,50
35,163,66,8.0,360.3,40
58,188,69,13.5,715.1,47
45,185,62,10.5,1260.3,114
55,166,61,10.5,868.7,82
57,186,56,10.5,829.5,87
49,158,50,8.0,151.1,22
35,169,70,10.5,1016.4,80
53,177,71,8.0,1005.6,107
35,169,52,13.5,427.2,37
49,185,63,13.5,1245.8,84
32,176,86,10.5,988.1,69
39,157,45,8.0,368.7,57
23,181,73,8.0,1136.8,114
42,150,89,10.5,528.2,35
48,166,93,13.5,716.8,36
28,158,79,13.5,391.3,23
24,169,84,13.5,877.4,48
21,181,58,13.5,907.4,73
58,151,79,13.5,699.3,40
44,181,92,10.5,230.5,15
21,158,89,10.5,1809.7,114
42,179,64,10.5,219.6,19
21,169,93,13.5,1195.5,55
38,187,57,13.5,992.4,77
31,150,82,10.5,539.7,36
29,154,93,10.5,1268.6,82
44,184,90,13.5,1209.6,62
49,185,93,8.0,1007.9,80
59,150,52,10.5,280.9,30
39,163,87,13.5,1911.0,94
49,158,64,13.5,976.2,67
59,179,77,10.5,1331.8,100
34,173,70,8.0,777.7,79
46,153,83,13.5,1681.4,93
42,163,65,10.5,883.5,78
32,174,97,13.5,2227.8,102
29,153,93,13.5,1648.1,82
55,174,86,13.5,1420.5,77
49,159,87,13.5,1524.9,76
42,184,98,8.0,1306.0,96
17,156,85,10.5,1389.4,95
54,162,53,10.5,783.4,85
18,153,68,10.5,734.2,59
22,185,81,10.5,924.8,66
54,163,93,10.5,1375.4,88
58,167,85,8.0,925.5,79
40,157,61,13.5,222.9,16
34,181,68,13.5,916.9,63
43,176,65,10.5,402.6,36
57,186,95,13.5,2326.2,110
24,172,83,13.5,800.1,43
44,156,99,13.5,1069.8,49
26,161,85,10.5,1436.7,95
33,174,83,10.5,1365.4,90
45,152,57,8.0,312.0,38
22,175,55,10.5,1056.6,108
30,153,90,8.0,548.2,44
38,185,63,10.5,1115.7,98
22,164,55,13.5,716.3,56
42,181,57,8.0,692.3,85
55,178,90,8.0,1442.9,120
28,159,89,8.0,750.6,64
51,170,45,10.5,957.6,116
30,165,84,8.0,1033.1,85
38,168,88,10.5,1146.9,74
39,178,63,8.0,402.4,44
23,167,56,10.5,261.7,26
56,165,52,8.0,454.0,63
41,150,52,13.5,1261.2,109
29,151,97,13.5,2114.7,96
37,164,89,8.0,739.9,60
57,188,56,10.5,586.2,57
26,177,92,10.5,257.4,16
25,150,77,10.5,1546.0,111
31,154,89,13.5,1838.1,89
18,171,70,13.5,1688.4,112
41,185,83,13.5,1683.0,94
29,162,72,10.5,870.5,68
50,150,49,10.5,410.1,49
50,165,52,10.5,610.1,66
51,171,69,8.0,432.7,47
54,181,71,8.0,962.3,99
19,165,90,8.0,1171.6,98
58,164,67,13.5,1268.2,86
22,161,74,13.5,1037.7,65
35,150,89,10.5,652.3,40
19,166,91,8.0,1382.6,111
34,177,67,10.5,926.8,76
55,156,93,8.0,1010.3,75
25,158,91,8.0,524.2,40
28,171,64,10.5,568.6,51
21,175,62,10.5,490.7,44
19,161,62,8.0,902.5,109
27,156,46,8.0,677.7,111
46,164,48,13.5,280.2,25
20,187,74,10.5,827.0,67
21,170,77,10.5,776.1,55
17,163,80,10.5,270.6,19
43,151,62,10.5,861.0,80
44,157,81,8.0,291.7,27
45,155,63,13.5,1115.8,77
34,186,91,10.5,1538.4,96
28,186,72,8.0,1057.7,104
29,182,84,8.0,449.5,39
57,155,64,8.0,491.2,58
18,175,93,8.0,353.6,28
53,188,77,8.0,867.7,83
32,186,56,10.5,680.3,73
40,163,95,10.5,1106.7,70
51,186,59,13.5,1566.0,120
38,157,85,10.5,1004.1,66
52,188,83,8.0,929.9,80
27,162,46,13.5,826.6,82
45,162,73,8.0,265.3,26
51,189,85,8.0,1061.9,89
31,177,54,10.5,776.6,82
47,167,46,8.0,363.5,57
58,168,95,10.5,1427.5,87
57,187,55,8.0,644.3,88
59,181,57,13.5,1331.2,105
32,171,54,8.0,147.1,20
26,151,58,10.5,297.1,29
48,162,62,8.0,497.4,56
18,172,95,10.5,738.8,45
40,174,98,10.5,1751.0,100
39,177,53,13.5,823.9,67
18,160,83,10.5,282.1,20
54,182,72,13.5,792.0,47
47,173,47,13.5,435.2,43
56,151,64,8.0,322.3,35
42,179,50,13.5,739.3,68
45,166,71,10.5,855.6,70
19,189,97,10.5,1852.6,108
30,183,46,13.5,376.9,35
41,187,73,8.0,1123.1,114
17,171,82,13.5,1306.6,69
19,154,47,13.5,777.4,72
42,189,60,10.5,791.1,78
34,165,74,8.0,1021.6,100
25,162,84,8.0,695.9,60
54,175,46,8.0,611.4,98
39,180,61,8.0,312.3,36
37,188,85,10.5,1147.6,74
17,172,56,8.0,933.9,118
37,161,79,8.0,286.1,25
43,163,87,8.0,701.1,61
58,167,45,10.5,338.0,45
22,176,99,10.5,2124.9,118
52,177,89,8.0,1164.9,91
44,167,59,10.5,317.4,32
33,165,70,13.5,558.9,36
56,165,81,8.0,810.7,70
19,162,65,10.5,339.5,31
28,178,93,8.0,653.4,52
55,158,75,8.0,411.9,39
28,175,69,10.5,582.2,46
18,177,67,13.5,450.2,29
38,162,68,8.0,261.0,27
39,185,82,13.5,1307.5,72
46,158,72,10.5,1331.5,104
21,163,65,8.0,553.2,64
25,161,98,10.5,449.9,25
37,181,87,10.5,410.3,27
27,187,62,10.5,1221.1,111
21,152,80,10.5,929.7,64
51,165,79,8.0,1194.0,115
43,169,89,13.5,1090.9,52
18,181,99,13.5,329.4,15
40,172,53,8.0,382.3,53
47,166,97,8.0,530.6,41
49,165,82,13.5,955.5,50
55,187,74,13.5,794.3,46
46,157,88,8.0,637.4,55
53,168,78,10.5,378.3,29
44,179,76,8.0,492.9,45
47,183,47,13.5,203.5,20
27,163,47,10.5,857.4,103
39,171,72,13.5,1082.0,66
18,166,88,10.5,1533.1,96
56,164,59,13.5,481.4,36
57,181,85,10.5,665.0,45
43,162,67,8.0,1106.7,114
51,170,84,8.0,983.5,87
18,189,55,10.5,563.8,60
55,182,92,10.5,1249.9,81
53,176,76,8.0,1222.4,111
37,184,98,8.0,1452.8,105
21,165,80,10.5,759.1,57
37,177,77,10.5,206.3,15
45,183,68,8.0,540.4,58
36,150,83,13.5,1387.9,71
54,180,78,8.0,242.6,23
36,185,72,10.5,244.4,19
41,182,81,10.5,1335.1,93
18,182,51,13.5,251.0,23
48,188,48,8.0,406.9,59
42,167,81,10.5,1448.4,106
22,172,45,8.0,575.7,91
57,172,45,10.5,307.5,38
19,164,91,13.5,1825.4,88
49,175,64,8.0,475.8,56
17,179,63,8.0,328.6,36
21,174,73,13.5,1871.1,117
29,165,54,10.5,708.2,74
35,188,62,10.5,1117.2,100
28,163,72,8.0,530.3,51
41,166,79,13.5,951.9,53
51,161,87,8.0,1151.0,98
28,178,91,8.0,1145.1,88
46,181,75,10.5,1116.1,88
21,173,71,10.5,1230.5,104
50,162,55,10.5,1031.8,103
38,169,93,10.5,1098.6,67
55,164,93,10.5,654.1,42
29,153,82,13.5,1692.3,91
19,183,49,8.0,189.6,29
36,177,52,13.5,825.2,74
47,151,78,8.0,767.8,74
21,179,92,10.5,330.9,20
40,175,96,13.5,1462.0,66
56,175,56,8.0,203.5,26
49,169,82,10.5,459.8,33
24,177,45,10.5,887.0,110
40,169,75,13.5,1488.1,89
36,160,48,13.5,1254.1,116
32,159,93,13.5,2415.0,111
28,172,89,10.5,248.1,16
29,186,94,8.0,908.6,69
58,168,49,8.0,205.6,29
55,167,74,13.5,1292.4,78
41,176,68,8.0,1078.9,114
48,155,47,10.5,688.4,83
40,159,55,8.0,214.9,29
25,151,89,10.5,908.8,57
56,173,48,13.5,971.9,88
39,187,70,8.0,291.6,31
29,177,71,10.5,1323.9,112
48,177,90,13.5,807.9,38
31,188,98,13.5,1956.2,88
52,151,87,13.5,833.8,44
21,154,71,13.5,1266.0,81
38,160,86,8.0,782.4,65
32,159,95,10.5,1185.7,74
57,151,94,8.0,1426.2,115
26,164,50,10.5,153.2,17
40,188,59,13.5,1600.3,118
34,186,97,8.0,250.1,19
34,156,74,13.5,668.4,42
23,169,86,10.5,1382.7,92
20,183,81,13.5,2084.6,117
42,184,81,8.0,277.3,25
21,183,86,8.0,1000.0,86
32,171,81,10.5,1577.2,115
51,180,79,10.5,1175.5,86
42,172,67,8.0,872.9,90
34,168,50,8.0,195.9,29
45,153,48,8.0,633.5,97
39,173,62,8.0,522.7,62
30,169,53,10.5,555.4,60
31,188,93,8.0,558.9,42
49,177,73,10.5,265.6,21
41,188,57,8.0,958.9,118
37,166,91,8.0,1028.8,85
33,168,96,13.5,2424.9,108
39,184,61,13.5,1276.1,96
59,181,89,8.0,1197.9,102
33,188,76,10.5,256.9,20
30,184,92,8.0,888.0,72
45,179,66,13.5,1218.7,82
36,166,48,8.0,455.9,69
46,178,49,13.5,912.3,81
35,155,81,8.0,674.2,63
55,166,85,8.0,764.1,65
29,166,93,10.5,1168.2,73
34,163,57,13.5,259.9,20
39,173,78,13.5,1741.9,104
49,186,89,13.5,1241.1,65
55,189,66,10.5,596.2,52
56,188,97,8.0,345.9,25
34,181,67,10.5,787.1,66
25,185,95,8.0,1338.2,107
49,186,47,10.5,270.7,34
48,163,86,10.5,351.3,24
33,176,78,13.5,696.6,40
35,168,76,10.5,831.8,62
43,180,89,8.0,1256.1,105
22,158,95,10.5,460.0,28
51,187,93,10.5,1870.9,114
53,166,65,8.0,648.7,73
50,168,90,13.5,507.7,26
36,153,88,8.0,450.0,37
41,160,65,8.0,874.5,99
20,171,88,8.0,1085.0,86
26,153,55,10.5,524.2,53
26,166,83,10.5,323.7,23
40,157,48,8.0,653.8,102
37,183,95,8.0,1410.6,109
27,160,45,13.5,391.4,39
43,180,72,10.5,407.5,31
32,160,68,10.5,653.2,56
42,187,79,10.5,616.3,43
46,170,57,10.5,738.5,74
32,179,91,8.0,1059.0,81
23,159,78,8.0,1089.8,99
32,175,55,13.5,896.9,71
51,176,80,10.5,1206.3,86
32,157,95,10.5,481.3,28
56,188,61,8.0,436.2,53
28,157,79,13.5,555.0,30
51,157,62,8.0,278.2,32
37,183,84,10.5,1592.5,109
59,165,66,10.5,1077.5,89
52,162,68,13.5,1839.1,116
33,172,63,8.0,304.4,34
48,161,81,10.5,831.3,60
57,176,83,10.5,897.6,59
22,171,65,13.5,269.6,18
40,181,52,10.5,901.2,98
43,176,72,10.5,1431.3,109
36,151,49,8.0,222.7,34
41,182,61,13.5,330.7,25
18,175,81,13.5,1448.9,79
25,177,80,13.5,550.5,32
44,168,98,8.0,730.3,53
54,154,63,13.5,800.8,58
19,182,71,10.5,1326.6,111
36,169,97,13.5,2465.5,114
22,179,78,10.5,435.3,32
55,157,55,13.5,730.0,61
49,187,98,13.5,946.8,45
17,166,89,8.0,1379.3,113
53,150,91,13.5,1113.3,53
22,152,56,13.5,679.7,52
50,175,98,8.0,1210.0,93
31,180,65,10.5,695.6,61
42,157,98,13.5,1808.4,84
30,157,55,13.5,268.8,22
23,184,83,10.5,1788.2,118
47,188,72,8.0,981.3,100
40,177,49,13.5,859.2,79
47,153,61,8.0,221.2,27
45,165,64,10.5,808.4,69
58,162,85,10.5,1510.6,102
48,169,90,8.0,1241.2,99
33,154,56,10.5,556.0,57
30,186,50,10.5,153.6,18
56,169,61,13.5,1202.8,85
52,173,95,8.0,926.6,74
40,185,63,13.5,375.6,26
43,183,70,8.0,713.5,73
41,183,92,13.5,1816.7,91
48,168,88,10.5,1012.2,68
34,166,88,8.0,717.3,58
34,154,96,8.0,390.9,30
53,174,76,8.0,205.3,20
42,167,50,8.0,185.1,28
25,157,99,10.5,1280.6,72
51,176,80,10.5,654.1,45
24,164,82,10.5,1688.2,114
36,162,55,13.5,1418.3,115
58,165,77,10.5,743.6,55
38,171,68,13.5,730.4,49
35,169,67,13.5,350.0,24
46,162,59,10.5,1012.6,95
44,169,71,10.5,1535.5,120
51,151,55,10.5,435.2,44
59,184,95,13.5,1235.2,58
27,168,94,8.0,929.9,69
47,186,61,10.5,946.1,85
55,155,95,13.5,672.3,32
52,163,97,13.5,2058.7,97
46,153,58,10.5,940.6,93
39,171,71,13.5,1809.1,117
35,188,62,10.5,1126.7,100
28,185,72,13.5,844.7,53
31,183,95,8.0,741.5,56
47,176,91,13.5,1405.5,68
59,156,91,10.5,701.8,44
53,152,48,8.0,218.0,34
53,182,51,10.5,1030.0,110
31,151,89,13.5,1084.7,56
45,165,79,8.0,1153.9,103
59,174,92,8.0,1322.8,101
42,164,53,13.5,218.5,19
18,173,52,8.0,480.3,64
36,164,96,8.0,729.5,55
31,180,89,8.0,1346.8,108
20,163,61,10.5,573.8,53
38,163,61,10.5,758.3,71
54,155,93,8.0,1302.5,105
39,163,77,13.5,1261.0,71
42,166,76,13.5,2068.8,120
27,167,52,10.5,446.4,51
44,169,63,13.5,303.6,21
18,166,82,8.0,219.9,19
24,165,47,13.5,988.2,93
45,189,49,10.5,534.6,65
27,188,57,10.5,1179.4,120
53,181,91,8.0,264.5,22
34,158,90,10.5,1100.0,70
30,176,75,10.5,1188.3,87
26,182,99,10.5,411.6,25
51,159,60,13.5,474.7,36
25,166,94,10.5,1897.6,112
51,185,76,13.5,1837.6,113
27,166,66,10.5,999.6,91
28,167,73,10.5,322.9,25
19,172,66,13.5,1130.7,74
55,183,87,13.5,2212.8,110
30,157,47,8.0,802.0,120
44,162,98,8.0,387.7,29
27,172,54,13.5,656.0,52
55,169,86,10.5,214.8,15
41,171,65,8.0,529.4,60
37,172,60,13.5,1354.6,102
26,184,56,13.5,694.2,57
59,152,46,10.5,934.3,118
31,183,85,13.5,694.4,36
35,182,68,8.0,160.2,17
38,166,79,10.5,380.1,28
37,168,74,13.5,273.0,16
48,179,74,13.5,1275.6,75
39,172,91,10.5,716.5,46
29,164,79,10.5,706.2,52
21,163,63,10.5,1197.8,111
20,151,94,8.0,751.2,60
44,188,52,8.0,413.0,56
30,167,70,13.5,300.7,20
24,155,93,13.5,1110.7,55
25,181,84,10.5,1652.0,117
51,170,51,13.5,462.1,39
53,189,74,13.5,1779.8,112
37,177,51,10.5,226.8,25
34,176,47,8.0,713.6,115
49,151,45,8.0,352.2,55
24,182,80,8.0,979.5,85
33,165,69,13.5,1100.8,71
59,188,81,10.5,876.4,60
47,171,45,8.0,635.3,100
50,162,59,13.5,847.4,62
22,151,81,10.5,1120.6,77
38,163,57,8.0,405.6,53
30,187,84,8.0,278.9,24
19,177,52,10.5,942.4,99
28,156,49,13.5,911.6,84
52,167,53,13.5,986.4,79
28,185,45,8.0,703.0,112
18,185,80,10.5,1018.1,73
18,153,79,13.5,1661.1,92
31,179,46,10.5,415.2,50
39,173,84,10.5,596.3,41
45,169,67,8.0,768.7,87
33,180,53,10.5,653.3,69
48,173,78,10.5,1198.9,84
23,156,90,10.5,1738.2,109
46,175,58,13.5,1201.1,95
44,162,48,8.0,433.7,67
30,157,74,8.0,788.6,74
46,154,75,10.5,936.5,75
33,162,82,10.5,721.0,50
48,178,55,13.5,1183.3,99
22,169,79,8.0,438.3,41
40,163,52,13.5,631.1,55
22,181,47,8.0,265.4,42
43,176,58,13.5,402.9,30
34,174,57,10.5,480.6,49
40,153,89,13.5,985.8,50
53,170,76,10.5,926.6,70
40,167,78,8.0,1268.3,113
54,188,89,8.0,413.9,33
50,164,63,10.5,748.5,71
56,187,82,8.0,1071.2,99
31,173,60,13.5,638.7,47
27,157,46,10.5,309.4,37
38,177,84,8.0,878.9,77
40,170,61,13.5,1123.8,84
17,165,99,13.5,2511.1,110
34,165,78,8.0,392.4,36
28,184,86,8.0,969.9,81
59,166,60,13.5,1472.0,113
44,158,82,10.5,1305.2,94
56,184,46,8.0,746.9,120
23,178,46,8.0,450.9,73
39,188,70,10.5,500.3,39
37,167,57,10.5,294.3,31
50,161,91,8.0,675.6,53
27,168,75,10.5,1196.5,91
38,171,78,13.5,1827.4,106
58,164,83,13.5,1726.5,89
51,150,47,13.5,946.4,88
45,151,52,8.0,400.2,53
58,157,67,10.5,430.8,38
44,171,58,13.5,650.6,52
34,174,99,10.5,1703.4,102
30,151,71,13.5,1732.3,111
34,158,98,10.5,1615.7,95
44,158,73,13.5,1208.5,71
40,162,83,13.5,1059.7,58
24,155,97,13.5,1136.6,50
58,179,83,13.5,2102.4,113
24,164,45,13.5,863.0,84
20,164,61,13.5,1259.8,94
43,156,85,13.5,1089.6,59
52,160,74,13.5,1830.1,106
21,189,97,13.5,2495.8,119
49,187,57,10.5,1127.3,110
50,189,65,10.5,458.7,40
46,151,63,8.0,225.7,25
24,188,97,13.5,1471.8,66
55,159,63,10.5,420.6,39
42,166,69,10.5,547.4,45
53,156,66,10.5,1087.8,99
50,189,75,10.5,772.5,59
23,188,61,10.5,828.9,81
56,153,99,10.5,1548.2,90
44,184,67,8.0,481.0,54
55,185,76,10.5,834.3,60
55,180,54,8.0,509.1,68
44,174,54,8.0,427.8,55
30,162,80,13.5,1765.4,103
54,167,52,13.5,1126.8,95
20,170,98,13.5,1124.5,52
58,150,96,10.5,1902.1,114
34,185,64,13.5,746.9,50
41,157,76,10.5,1352.0,97
23,170,94,10.5,929.9,58
54,170,58,13.5,968.1,71
44,176,94,13.5,1723.9,80
21,168,72,8.0,988.9,95
19,172,90,8.0,551.2,44
47,184,96,10.5,421.8,24
58,189,97,10.5,1993.5,113
36,154,68,13.5,1104.9,75
35,157,59,13.5,1002.8,77
27,160,66,8.0,444.8,50
56,165,74,13.5,1140.4,68
19,188,48,10.5,960.6,111
39,173,57,13.5,1039.5,79
23,170,67,8.0,909.9,96
39,172,52,10.5,161.8,18
23,187,62,8.0,570.5,69
50,157,56,8.0,511.5,68
58,156,99,10.5,1863.1,105
35,151,75,8.0,1031.0,103
25,179,58,13.5,989.7,78
34,162,78,13.5,1846.3,106
57,172,62,8.0,295.5,36
58,178,78,13.5,2045.5,120
41,187,55,8.0,286.3,39
30,186,85,13.5,1898.9,95
41,169,56,8.0,548.1,73
35,182,93,13.5,1539.4,71
55,178,59,10.5,675.1,68
31,164,75,10.5,789.4,58
32,172,93,13.5,1394.8,66
43,152,73,8.0,940.6,90
56,186,70,13.5,489.9,30
26,178,62,8.0,995.8,115
20,157,76,13.5,534.4,30
35,171,66,13.5,1422.8,95
44,178,82,10.5,1011.2,69
37,151,61,8.0,627.6,75
30,150,67,8.0,1052.1,109
49,169,68,8.0,903.2,93
26,170,94,8.0,1143.9,91
35,186,52,8.0,391.4,54
46,157,85,10.5,1623.9,105
38,176,50,13.5,405.3,35
19,184,49,8.0,567.3,80
53,155,88,8.0,260.6,22
57,168,73,13.5,1944.9,120
34,167,72,10.5,1071.8,85
27,150,55,10.5,224.8,24
18,174,45,10.5,553.2,71
28,176,87,13.5,353.7,18
22,156,63,13.5,783.0,57
59,178,53,10.5,1076.9,119
56,180,71,10.5,1363.3,114
45,185,78,13.5,2025.5,113
46,168,88,10.5,1169.4,77
18,155,48,8.0,367.9,57
25,174,80,13.5,1459.1,81
18,180,62,10.5,996.6,96
45,158,59,8.0,553.0,65
49,169,95,13.5,1465.5,70
26,159,57,13.5,759.3,57
50,186,63,8.0,331.1,38
24,176,93,13.5,2382.3,110
53,162,50,10.5,409.4,48
49,151,92,13.5,1462.0,73
22,170,56,10.5,162.3,16
56,182,95,8.0,204.2,16
35,173,81,8.0,275.5,24
48,183,61,13.5,499.9,37
43,158,67,8.0,275.5,29
17,151,70,8.0,907.0,90
59,179,73,13.5,533.7,31
49,171,77,10.5,1275.5,96
56,160,71,13.5,441.4,28
48,166,69,13.5,1545.9,95
21,185,99,10.5,1669.5,93
33,162,54,10.5,811.8,90
24,156,91,10.5,481.3,30
58,165,67,13.5,671.3,46
50,182,65,10.5,441.7,37
25,150,65,8.0,1005.4,116
39,160,87,10.5,735.1,48
51,155,57,8.0,897.7,112
23,169,81,10.5,443.8,30
31,184,77,8.0,529.0,48
36,186,68,8.0,1081.8,118
41,175,88,8.0,1042.2,85
19,161,55,8.0,373.8,47
40,179,61,8.0,708.3,82
50,177,48,10.5,487.8,57
38,176,91,13.5,1637.8,78
27,168,69,13.5,1296.2,85
24,154,74,13.5,545.0,32
55,154,53,13.5,951.7,82
59,176,65,13.5,1089.0,75
51,177,64,8.0,818.7,89
54,175,63,10.5,356.8,34
24,176,63,8.0,216.0,25
53,170,56,10.5,890.1,93
43,150,81,10.5,824.9,60
44,177,86,10.5,1213.6,78
56,164,61,10.5,1034.1,95
50,166,81,13.5,1962.1,112
48,175,98,10.5,1542.6,90
31,169,92,10.5,1925.6,120
33,174,83,13.5,756.3,42
49,162,72,8.0,636.0,62
32,182,85,8.0,568.5,49
45,174,79,8.0,246.7,22
25,157,91,8.0,1281.1,105
49,154,92,10.5,568.9,36
45,155,62,13.5,508.6,38
29,172,58,13.5,1006.8,80
37,179,79,8.0,1236.8,109
37,163,88,13.5,1902.6,100
21,172,85,10.5,1113.3,78
26,160,51,8.0,581.9,79
22,180,85,10.5,422.6,28
29,155,57,10.5,373.5,39
17,160,62,10.5,1295.2,114
36,162,81,10.5,1558.9,114
24,161,57,10.5,1218.6,119
26,151,80,8.0,179.4,17
25,184,75,10.5,252.5,19
57,185,46,8.0,505.1,79
19,166,60,13.5,891.2,68
27,177,53,10.5,310.5,33
28,177,53,10.5,1041.6,111
26,171,82,13.5,2280.1,120
41,187,55,8.0,536.8,68
41,156,98,10.5,1854.1,108
27,164,66,13.5,1335.2,90
52,181,77,13.5,420.9,24
55,160,80,10.5,1603.9,112
42,173,89,8.0,364.0,30
30,152,67,8.0,1094.2,118
55,179,89,10.5,942.5,60
56,155,89,13.5,903.1,43
17,151,78,10.5,399.3,29
20,163,53,8.0,442.0,62
46,167,68,13.5,385.9,25
28,180,52,10.5,450.8,48
51,162,51,13.5,594.3,50
29,175,80,8.0,501.6,44
47,161,62,8.0,1006.8,113
54,167,47,8.0,556.3,87
59,158,72,10.5,1210.5,96
39,170,50,13.5,381.6,33
20,189,88,10.5,1759.4,117
32,173,88,10.5,1246.6,82
23,183,65,10.5,987.1,84
38,157,72,10.5,608.2,47
45,182,84,13.5,2177.0,110
27,172,98,13.5,2175.5,94
49,162,98,10.5,1486.8,89
45,163,45,10.5,294.9,36
55,163,80,8.0,530.9,50
28,165,65,8.0,339.7,37
23,187,87,13.5,1465.1,77
55,188,79,8.0,428.4,40
58,175,57,13.5,991.4,74
42,175,93,13.5,2226.8,109
56,150,98,13.5,2400.2,107
25,181,98,8.0,249.3,19
57,164,54,8.0,487.3,68
50,170,97,13.5,1116.7,52
29,167,88,13.5,1523.5,76
52,179,91,10.5,605.4,39
41,162,97,13.5,2395.6,112
40,173,54,13.5,322.5,26
33,179,90,10.5,544.5,36
18,151,57,13.5,293.4,23
29,168,81,13.5,1864.9,98
47,174,82,13.5,785.2,43
45,163,68,10.5,685.7,58
44,155,46,8.0,697.1,107
43,161,66,13.5,625.8,41
31,169,61,10.5,756.4,69
47,172,80,13.5,1795.1,95
56,179,58,10.5,184.6,19
31,179,54,13.5,840.6,66
49,187,79,10.5,390.1,27
36,179,69,8.0,553.3,56
58,179,47,8.0,187.7,29
28,185,91,8.0,1214.1,93
53,183,82,13.5,573.9,32
25,165,61,10.5,703.1,64
39,173,56,13.5,195.3,16
24,163,98,13.5,2297.3,101
48,175,96,10.5,458.8,27
30,157,68,13.5,1204.2,82
43,163,73,10.5,810.1,61
41,180,87,10.5,1580.4,103
29,151,69,8.0,862.8,89
37,153,80,8.0,692.9,64
47,150,70,8.0,1205.2,120
53,169,82,10.5,374.8,26
59,163,45,8.0,166.7,27
21,189,64,10.5,258.5,23
29,174,99,13.5,1659.1,73
44,174,72,8.0,599.1,59
59,152,60,10.5,1200.7,116
41,154,91,10.5,1322.4,84
51,187,61,10.5,612.3,57
55,175,84,10.5,1348.5,88
23,189,72,8.0,377.6,37
54,187,56,8.0,712.5,93
48,187,71,8.0,570.0,59
19,153,98,10.5,636.0,37
55,156,97,13.5,2670.6,118
53,179,86,10.5,1645.7,115
38,179,91,13.5,1003.5,48
24,168,74,8.0,300.8,30
33,188,85,10.5,1112.0,77
43,184,78,10.5,844.0,65
49,189,81,8.0,1386.3,119
33,182,50,10.5,419.1,46
58,182,51,13.5,570.5,52
28,163,76,13.5,2022.2,118
43,187,76,13.5,1155.4,70
24,159,97,10.5,1445.4,83
39,177,69,10.5,380.5,31
58,163,77,13.5,1697.4,100
45,185,99,10.5,883.1,53
36,187,51,13.5,652.0,55
32,165,96,8.0,837.7,62
33,170,56,13.5,1149.9,96
32,177,60,8.0,353.1,42
35,182,60,8.0,778.7,91
24,155,87,8.0,777.2,64
54,164,97,13.5,2599.3,120
54,152,80,13.5,272.3,15
45,184,57,10.5,646.0,64
57,163,51,10.5,298.6,33
52,151,80,8.0,1297.4,112
42,178,91,13.5,1446.6,73
47,153,95,10.5,1380.0,82
28,175,53,10.5,727.8,81
33,161,76,10.5,710.3,55
31,151,55,13.5,302.0,24
25,166,52,10.5,398.1,42
55,184,77,8.0,493.8,48
58,159,67,13.5,835.9,53
28,171,69,10.5,1150.1,97
48,170,52,10.5,1080.1,120
41,164,89,13.5,1353.2,70
55,184,66,10.5,771.1,66
34,170,48,10.5,966.8,114
31,170,84,8.0,196.4,17
48,170,47,13.5,390.3,37
22,181,73,10.5,400.9,31
59,154,85,13.5,1639.2,85
51,188,73,13.5,648.7,40
50,158,78,8.0,358.5,32
54,167,78,8.0,658.3,60
21,170,72,13.5,1320.7,84
34,157,57,8.0,348.4,45
32,183,59,8.0,898.4,107
24,159,67,10.5,259.0,23
41,173,88,8.0,611.4,49
48,189,70,8.0,906.9,95
42,173,48,10.5,624.8,74
38,181,70,10.5,1078.3,90
47,182,84,13.5,1526.1,77
59,187,53,8.0,869.7,114
26,183,99,10.5,1192.4,66
28,160,49,8.0,407.0,62
44,180,76,13.5,1326.3,75
22,167,64,8.0,337.6,38
36,172,94,8.0,1168.1,88
21,171,55,8.0,532.3,72
39,167,59,10.5,822.4,78
25,189,76,10.5,609.4,44
45,188,72,13.5,680.4,43
32,169,66,8.0,1039.7,117
38,162,85,13.5,440.8,24
24,150,61,13.5,710.5,53
36,153,70,10.5,848.3,69
30,173,88,8.0,528.3,42
55,185,51,8.0,220.8,32
53,185,86,13.5,1077.1,55
50,151,70,8.0,918.0,95
27,177,69,10.5,1052.0,89
56,175,54,13.5,960.8,79
49,172,89,13.5,1839.2,95
47,164,63,10.5,1274.4,114
50,185,55,10.5,1055.1,114
23,176,57,10.5,612.3,60
39,155,97,10.5,1215.7,74
23,184,52,10.5,219.7,23
41,188,84,10.5,895.4,59
19,187,48,13.5,786.7,74
54,184,91,8.0,524.8,42
36,185,75,8.0,1123.9,111
50,159,72,13.5,282.8,17
46,179,55,8.0,488.6,65
33,187,87,8.0,271.5,22
26,178,45,13.5,809.5,84
51,188,93,8.0,904.9,73
36,153,91,8.0,931.4,75
34,154,96,13.5,1494.4,72
43,153,82,8.0,962.5,84
52,185,68,10.5,1216.1,107
39,165,98,13.5,2627.0,115
48,174,91,8.0,335.8,26
26,163,75,8.0,231.9,23
27,160,85,10.5,1767.3,119
54,178,90,13.5,1269.6,63
22,183,94,13.5,2097.7,97
57,171,70,8.0,297.2,31
50,163,93,10.5,1055.0,68
52,173,94,10.5,932.5,58
53,188,49,10.5,393.1,46
33,175,64,10.5,574.8,49
56,185,96,10.5,1604.5,92
56,188,85,10.5,907.3,63
28,165,55,13.5,860.3,68
37,187,98,8.0,424.5,30
56,181,77,8.0,1002.7,99
35,155,94,10.5,437.1,26
19,183,82,13.5,1874.2,102
34,157,71,13.5,1821.4,112
35,179,78,10.5,303.5,22
22,176,59,8.0,299.5,35
32,156,76,10.5,807.2,62
24,176,65,13.5,331.0,22
34,174,90,10.5,643.9,42
59,164,49,8.0,633.1,94
55,174,50,8.0,173.9,24
28,171,82,13.5,1250.1,66
26,167,66,10.5,328.8,29
23,161,62,10.5,197.6,18
17,172,58,13.5,1296.1,104
52,188,54,10.5,858.3,93
37,174,90,13.5,2358.9,114
53,159,57,10.5,1104.9,110
40,179,75,8.0,786.1,76
41,159,74,13.5,1968.3,116
23,183,47,10.5,146.5,18
58,162,74,10.5,678.5,55
33,178,50,10.5,756.8,87
45,187,73,13.5,1930.7,113
46,158,52,8.0,514.0,69
23,162,88,10.5,640.9,42
49,186,89,13.5,2192.8,115
23,163,87,10.5,941.4,61
40,186,88,8.0,286.7,23
27,158,77,8.0,166.9,16
25,157,61,8.0,681.9,81
28,188,92,13.5,1346.5,62
51,189,55,10.5,805.0,83
20,152,57,13.5,1111.8,88
52,189,94,10.5,699.7,42
44,182,55,13.5,1114.0,93
29,181,75,10.5,356.4,28
39,156,72,13.5,1013.3,60
35,168,88,10.5,1514.8,101
58,183,50,13.5,298.0,27
53,163,85,8.0,354.3,30
55,168,60,13.5,1516.3,108
40,175,48,8.0,368.7,54
32,166,79,8.0,897.0,86
49,177,92,10.5,1559.0,95
28,168,70,8.0,426.2,44
50,176,56,8.0,734.1,95
23,168,55,10.5,1108.5,113
27,182,81,13.5,1396.0,79
47,156,69,13.5,1171.6,72
45,178,62,8.0,887.5,102
29,154,63,13.5,867.0,62
47,179,67,8.0,589.8,63
18,157,99,13.5,2229.3,103
55,161,82,13.5,299.2,16
31,162,98,13.5,2164.0,103
27,175,62,8.0,236.3,28
50,167,70,10.5,1468.7,117
55,169,50,13.5,1287.2,111
20,165,48,13.5,326.5,31
27,186,88,13.5,894.5,45
45,152,95,8.0,316.3,24
18,176,73,10.5,1064.7,84
32,164,78,8.0,1228.1,117
55,183,61,13.5,1442.4,103
29,171,87,8.0,1361.5,116
53,189,87,13.5,1039.4,51
33,172,97,13.5,1707.2,78
37,153,60,8.0,378.7,44
35,172,46,13.5,486.4,48
23,158,78,13.5,578.8,32
54,173,99,10.5,1698.9,102
24,170,52,8.0,568.7,77
29,165,57,8.0,491.1,63
53,174,86,13.5,1350.4,70
18,175,52,13.5,1187.6,105
57,158,74,8.0,701.6,72
27,164,76,8.0,438.2,41
40,188,80,8.0,770.3,69
22,182,91,13.5,2424.9,117
42,150,74,10.5,1250.6,99
23,154,45,10.5,253.1,33
55,158,87,13.5,2365.9,117
35,155,83,13.5,709.0,37
22,177,61,13.5,1579.6,117
59,175,64,8.0,547.5,61
45,177,68,13.5,1469.6,93
59,189,94,8.0,1080.7,80
55,164,66,10.5,1240.7,113
18,155,73,13.5,1101.1,65
35,176,66,13.5,1433.5,98
20,187,88,8.0,522.4,42
22,153,53,8.0,513.9,71
53,160,81,8.0,815.3,72
44,170,54,10.5,278.1,29
46,179,80,10.5,416.0,30
23,167,81,13.5,2025.6,111
25,184,72,13.5,1010.6,61
41,152,72,8.0,765.1,77
49,161,86,10.5,372.3,26
17,176,87,13.5,2178.7,117
22,179,65,8.0,1069.0,117
34,170,68,8.0,554.8,57
26,187,86,10.5,1517.0,98
44,170,84,10.5,620.1,43
27,187,46,13.5,650.2,63
49,189,99,13.5,368.6,17
17,164,52,8.0,626.3,83
29,167,92,8.0,919.2,74
53,178,71,8.0,779.2,80
36,187,66,13.5,1527.0,101
17,170,81,10.5,1529.6,104
19,166,71,13.5,610.3,40
34,167,73,10.5,1064.3,85
57,186,47,13.5,937.0,88
30,187,88,13.5,1662.8,83
47,161,57,10.5,582.3,61
43,160,89,13.5,1831.8,90
33,169,54,13.5,1340.3,110
45,158,80,8.0,640.0,56
52,150,53,10.5,405.8,45
53,152,98,10.5,598.6,36
42,170,99,8.0,437.0,31
33,172,71,10.5,1242.5,98
38,158,78,8.0,377.6,34
41,168,95,10.5,376.1,22
18,168,45,10.5,847.1,112
38,172,76,10.5,819.3,63
21,176,69,10.5,1190.3,101
20,176,73,8.0,547.9,52
52,188,51,8.0,472.1,67
22,185,93,10.5,657.0,42
37,161,47,13.5,942.1,91
29,176,64,8.0,394.9,43
53,183,64,10.5,996.6,86
41,182,97,8.0,348.9,25
42,177,74,13.5,1004.3,61
55,180,79,13.5,1063.5,59
36,181,79,13.5,556.2,32
49,169,93,10.5,1008.4,64
30,189,83,10.5,1424.5,103
52,184,71,13.5,978.6,63
33,180,70,8.0,352.2,36
37,180,58,8.0,492.5,59
32,187,61,13.5,991.6,75
32,171,62,10.5,1277.3,113
36,158,89,8.0,1297.0,107
45,158,96,8.0,461.4,35
44,164,73,8.0,846.8,85
24,162,64,10.5,832.3,75
40,171,97,13.5,1916.9,90
19,165,71,10.5,633.6,50
41,181,62,8.0,334.3,38
35,151,48,13.5,512.9,46
49,175,45,10.5,813.8,105
18,163,94,13.5,2388.1,110
31,187,45,8.0,460.7,73
38,183,70,10.5,1409.2,110
26,157,89,13.5,2186.2,110
34,185,64,10.5,1222.1,104
38,170,96,8.0,1210.3,89
43,177,67,13.5,1487.2,96
29,155,54,8.0,832.5,117
49,169,55,13.5,235.1,19
21,180,85,8.0,353.7,30
42,182,85,8.0,280.5,25
29,156,49,10.5,412.3,49
43,157,45,8.0,579.3,89
30,158,61,10.5,593.4,56
40,151,66,8.0,893.2,101
19,166,78,8.0,1210.1,112
46,186,89,8.0,1115.1,95
51,166,85,13.5,459.7,24
30,187,73,10.5,1238.0,96
28,184,48,13.5,234.2,22
44,188,49,10.5,352.0,40
45,179,55,8.0,124.6,17
59,155,95,13.5,1619.4,73
33,153,65,10.5,1213.1,102
56,186,79,8.0,176.5,17
37,184,56,10.5,527.1,52
39,158,70,10.5,196.1,16
36,155,95,8.0,1479.3,113
27,162,63,13.5,427.9,31
50,171,89,8.0,1065.5,87
26,177,51,13.5,599.6,50
26,179,91,10.5,1546.4,100
59,185,99,10.5,1827.8,109
22,151,51,10.5,973.8,112
52,185,70,13.5,1614.8,102
40,157,84,8.0,1054.4,87
28,158,49,13.5,177.7,16
59,150,65,10.5,1097.2,99
39,162,58,10.5,484.3,48
43,164,48,8.0,269.3,41
53,181,67,13.5,734.0,51
22,183,86,10.5,1280.6,85
17,180,64,13.5,499.0,36
22,163,59,13.5,1125.8,82
38,163,94,8.0,365.9,28
57,178,96,8.0,1538.6,112
40,168,89,10.5,602.6,37
41,176,73,8.0,611.7,58
31,158,52,13.5,1347.9,120
42,186,85,8.0,1265.0,103
24,186,92,13.5,1683.7,79
40,177,63,10.5,1053.8,93
54,173,92,13.5,2183.7,110
22,177,83,8.0,1022.5,92
51,185,90,8.0,1551.9,119
58,167,72,10.5,917.9,75
17,174,90,8.0,1191.8,99
52,184,71,10.5,845.5,69
28,153,48,10.5,743.5,85
54,163,59,8.0,928.2,114
27,188,79,13.5,1833.7,99
28,175,81,10.5,892.2,64
58,157,45,13.5,1162.1,118
55,173,47,8.0,169.0,26
23,165,91,13.5,1926.2,93
27,169,68,13.5,438.9,29
52,164,71,13.5,487.6,31
47,156,84,13.5,881.6,48
49,166,80,8.0,530.1,49
29,171,78,8.0,581.8,53
34,171,73,13.5,1880.5,116
57,161,68,8.0,829.0,92
40,167,68,8.0,625.6,69
25,164,86,10.5,1084.6,73
47,186,48,8.0,131.5,19
57,165,47,13.5,459.7,44
26,154,78,8.0,185.7,18
18,151,93,8.0,370.0,29
54,177,67,8.0,1102.7,117
31,176,97,8.0,663.7,49
19,180,96,10.5,1445.7,88
59,185,67,13.5,1059.7,69
47,150,89,13.5,1622.9,80
22,178,49,8.0,485.2,74
19,150,75,8.0,380.9,38
27,157,97,10.5,1807.8,106
31,165,85,8.0,430.0,36
44,177,98,10.5,1040.6,58
26,171,50,13.5,513.5,46
54,167,81,13.5,2039.2,109
23,171,54,10.5,881.5,97
31,161,84,13.5,1276.4,65
34,168,51,8.0,707.7,99
34,174,83,8.0,197.7,17
57,154,82,10.5,1162.3,84
40,183,65,13.5,641.8,46
18,188,64,13.5,235.0,16
56,159,47,10.5,806.8,102
36,156,95,10.5,1168.4,73
50,186,66,13.5,1510.5,105
59,164,91,10.5,1329.7,87
42,173,48,8.0,611.8,91
